x1,x2,x3,x4,x5,x6,y
0.3988371122765452,-0.7093316573356775,0.5586072806701762,-0.41975524780582874,0.2850120475449216,0.07065431767030639,-0.5778075741286367
-0.4377427458566383,-0.389571073560928,-0.3711035329869646,-0.5798865573047411,0.03307104641742753,-1.0,2.248723378890005
-0.7581134362650184,-0.9773557606570499,-1.0,1.0,0.2573704209643193,0.9099717898675206,1.686896965684755
0.4065590124736431,-0.2097356557322665,0.9577799903215325,0.6993914836422026,0.2886557130992011,-0.2833621989240153,-0.9532966886190178
-0.9486019583067617,-0.3967161597601715,-0.8507457754932242,-0.40034363947257634,1.0,-0.5601483655811073,1.603087783021178
0.4953745668694962,0.24454270296960212,1.0,0.921188946564151,0.8602544150062009,0.09605746323872683,-2.8184162614679953
0.039742153653544735,0.9626203112039757,-0.2537219570547613,0.06323774930518417,-0.5732121022146324,-1.0,2.10042068392946
-0.22989781551973976,0.026732263145489155,-0.6656694605702489,0.4574192233135562,-0.45315221848058973,0.9718872021839038,4.545289414976054
-1.0,-0.3272223894161421,-0.8620848707960388,-0.9376338227209797,-1.0,0.4576714623154084,-0.6724512323166749
-0.20812999501822363,-0.40747210591295924,-0.04068411243951864,0.8452785315385782,-0.26269799857436055,0.7632900520915589,1.5515081577663736
0.6234612313278991,0.5671095969670087,-1.0,0.6938833921464237,0.1685175429125577,0.8385872740011903,2.8108769495098067
-1.0,0.019780658787290184,-0.1490848545660184,-1.0,0.38517410870524604,1.0,3.738220523889194
0.418867887780598,1.0,0.4977831573648235,0.506480552929757,-1.0,0.2955855792014098,1.3837380067326193
-0.6366799710113618,-0.35840968146611685,-1.0,-0.4128605888225372,-1.0,-0.6972657449767194,-0.4599155586113409
0.27068474450766977,0.1515365721570916,0.6552695932651015,0.17777809550820836,-1.0,-1.0,4.001353088833347
-0.44734856283199376,-1.0,-0.8773104123645594,-0.5690576826868441,0.14647822773199215,-1.0,3.323908526140614
-0.8129507640863931,-1.0,1.0,0.2851880005679796,-0.010170279416272132,-0.47847083062610696,3.7894696476167598
1.0,0.5139404553355036,0.8272816813772681,-0.49814743063986316,1.0,0.7095422734231265,-2.9214273594745714
-0.432848478260607,-1.0,-1.0,0.7818532116098154,1.0,1.0,4.54879611093587
0.24671781743647003,-0.6441631059953743,0.19739240020253646,-0.12494315277736456,0.18795344114198254,0.39458467056710733,-0.6961445915477757
-0.3661663331104405,-0.3843594003401599,-1.0,-1.0,-0.7090935536733597,-0.19136440886341322,-1.09574371631086
-0.16939780237045854,-1.0,-0.4650882478872622,-0.9625187816353984,-0.2401239541594109,-0.6012294318879665,0.9876548500390513
0.10610246953159785,1.0,0.5940223880289548,0.08209285154660295,0.6720409386063813,1.0,1.652775561443806
-1.0,-0.6111195827886429,-1.0,-0.460139760650355,0.3504038106071349,-0.6433411535686964,2.550934677285302
-1.0,-0.37733341680984034,-1.0,0.2742532653373603,-0.3822522532513227,0.5299508816486144,0.29429840670327706
-0.8307592195118376,-0.27239651828359845,-0.41546714930463,0.6754080358780439,1.0,0.7022000716654333,4.274688334992473
-0.18088796148708153,1.0,1.0,0.9518658748686528,0.27251826971384363,0.5043030315687345,-5.437036172597605
-0.5413756583684236,0.011389502169691139,-0.6321061387427674,-0.22870200104463817,-1.0,-0.7962417938687512,-1.1623992973502209
-0.18125114537105552,-0.08555811173081074,0.06449178249278742,-1.0,0.8609540090696071,0.5995171808874418,2.7209602759748996
-0.4090616535484142,-0.19892569367950907,-1.0,-0.5655838011040324,-0.47893505208828274,0.14694807322955905,-1.112657616672865
0.8493536550512468,0.8567258137958966,1.0,0.6266761770880473,0.13312785092336066,0.9983965620757335,-3.7870806086880586
1.0,1.0,0.7545343732136174,0.8768186725014915,-1.0,-0.7366895309930791,7.06855603999732
-0.9424570085061443,-0.920671016644859,-0.447885969434592,-0.6677476012256117,-0.27978283018770256,-0.6015815493543566,0.09664545521986728
-0.06324196164217066,1.0,0.9010311405918312,0.5125555259570125,1.0,-0.7945700971383967,-2.340023001534973
0.6896235859248173,0.3873353538392128,0.9973272473996804,0.26791600643437197,-1.0,-0.038056223335452444,1.9203793883089377
1.0,1.0,1.0,0.9102785351862273,1.0,-0.26982113020205944,-6.465949910288828
0.5118937028226405,0.9028121654854112,1.0,0.9844025481111205,-0.34898595880731936,0.2238882661434741,-1.6303197083795649
-0.8363403727812302,-0.9546970369323108,-1.0,-1.0,-1.0,-0.17184529341814692,-1.6921472784364249
0.5609239094774664,-0.3189672611105036,0.7970163745110184,-0.9805252111871164,-0.6621828375678294,0.07414883676944684,0.8516498341183738
0.10166012337498315,-0.49580389517979895,-0.6669440036306991,-0.05010603017519155,-1.0,0.14410580603579315,0.5742539556547335
0.8501756293120828,-0.007220699698976943,-0.639613798148341,0.7202828720992791,0.45343902679942816,0.7795530404076281,0.8030966336928422
0.4458550349210253,0.7244853154581765,0.3485685774144309,0.12315994042301748,-0.9507839174935447,-0.16696037380320505,0.33944229641581364
1.0,1.0,0.2429213984143006,1.0,0.029138812274223658,-0.6728428899357558,3.2318719895670602
-0.9701284688399752,-1.0,-0.01944010400214724,-1.0,0.6299400564329332,-1.0,6.57250550148715
0.3904651219936046,0.7367777348467208,0.2434669599441397,1.0,-0.29372476719466467,1.0,2.3654174121206344
0.19825321127729933,-0.6718304826403513,1.0,-0.5869136901995002,-1.0,-1.0,3.9505993267091575
-0.9678243907380908,-0.5718001224376599,-1.0,-0.5484461776868883,-0.6044529545347987,0.2709257607095288,-2.6398624866109417
-0.38836063495254514,-0.8443180472905705,-0.13584914164664896,-0.8766380879787128,0.8166734448053994,-0.44751255192320605,3.0543035215320655
0.6667375276469198,0.45490552346464597,0.5282330424008637,0.6482674191956892,-1.0,-0.7257619654043017,4.13526537838812
-1.0,-0.9377890301426259,-0.8954922649912225,-1.0,0.34168045265862024,1.0,-1.973397071797502
-0.7248629508620951,-1.0,0.8435196524926244,0.061750843589304494,-1.0,-1.0,2.6030329473373968
0.6059694903066538,-0.15793526937551539,0.08745021529838604,-1.0,-0.021318761274359943,-0.5029825250069455,1.479818562444695
0.5276448835716425,-0.8037927066289108,0.10900763396271902,-0.939731120919745,0.5483656232201455,-0.4029831351880373,0.7417960674299826
0.2918791082654446,0.23601227751746123,0.21753738174760873,-0.7310129933504913,0.22844676340505865,0.4584547350325566,-0.0811351246763432
0.43577195352882825,0.4209732240474455,1.0,1.0,0.9210898086892398,1.0,-3.2572810784474253
-0.8323011828348482,-0.16548492060300157,0.180121724852219,-1.0,1.0,-1.0,8.900761796025199
0.35218744726182727,1.0,0.3705923905594948,0.1334665236139322,0.7638289748814616,1.0,2.0283330820569043
-1.0,0.033130422616376554,-0.6942420229387389,-1.0,0.36792586959828366,-0.33456751922180067,0.8760866286207086
-0.39011636504780134,-1.0,0.5053302397450306,-0.37793039709230647,0.29171525201988535,1.0,0.646470508969915
-0.1485065772467984,0.552457220360355,-0.7433607281780884,0.0810605590211605,0.4935035419366941,0.8198247976836841,4.9701163719309935
-1.0,-0.07656295936666552,-0.6650274013567916,-0.17421734484211138,-0.6694798452205664,1.0,2.736021204454729
1.0,1.0,1.0,1.0,1.0,-0.6617252382534637,-5.304214109315922
0.6657914228048964,0.10927981222969585,-0.15412213670631603,1.0,-0.008008719172839962,0.3562204570385274,0.29139973152278714
-0.7892636262560402,-1.0,-1.0,-1.0,-1.0,-1.0,4.13076506163081
-1.0,-0.8444765056521255,-0.9016171404466311,-1.0,-1.0,0.247472372810403,-1.98116360932928
-0.5238209961204046,-0.33133424189970473,-0.0661767870520284,-0.2890445057561969,-0.8625284921641752,-1.0,0.6249044123505771
0.13073877792368857,-1.0,0.7537970160654175,-0.07309672848886845,-0.974359610416297,0.024449330902090893,3.7581714506553427
1.0,1.0,1.0,0.9706888000387834,-0.0067656160444720115,-0.558832738838249,-0.8538276684860859
-1.0,1.0,0.02608958446228493,-0.1255629409921768,1.0,-0.5766907030812791,5.768141334395759
-0.06500159403706368,-0.3823046924185003,-0.9575013615661487,-0.3491627933648136,0.21065611198184364,-0.049992582508807316,-1.0756854130980624
0.47304307223331316,-0.6525934377397208,0.7824463920401425,1.0,1.0,-0.04122226052831801,-1.9174218015828917
0.06685246499915812,-0.5538357301665704,0.6500815653951058,-1.0,0.6254081088011219,0.7704654856887472,-0.8811935921551391
-0.015560383604767303,-1.0,-1.0,-0.7655786004808973,0.6820916456959152,1.0,-0.6044405916385018
1.0,0.4168425966688757,0.29765861571691454,-0.19165272585944038,-0.2603703118475531,0.3675881819098866,1.6085091062390566
0.6180378272668239,-0.5730703034180296,1.0,1.0,-0.9720257795433893,-0.15090847165397892,2.3272605586570316
-0.06173255327251223,-0.7059780044486443,-1.0,-1.0,0.5607502247666729,0.5326080839683189,-2.1768718474920914
-0.33175535129074707,0.8055714456522307,1.0,0.6807623990872886,0.015135724772869924,-0.5457365299194087,-0.8417874600748686
0.48699857534398044,0.2912163311218803,0.11163479054639891,-0.5778399730105175,0.27195166473961924,-0.6857766384004945,0.09189174956633983
-0.1353411714472734,-0.8079447511536604,0.05342334358696216,0.014068467997467297,0.7649048685550077,1.0,2.3337500445188337
-1.0,-0.46986433692392193,-1.0,-1.0,0.15410917413760392,0.0665175888699035,-2.1392090101968178
1.0,-0.29539380681646316,0.5717916122838766,0.18490366356065602,-0.9566585852390181,-0.19207901297852747,3.854925567235483
-0.7419806552903052,-1.0,-1.0,-1.0,0.3535811631709147,1.0,-1.78979685305778
0.9016984641453569,0.04634095084625489,1.0,1.0,1.0,0.2612673954302549,-5.377629123344057
0.5804766753174997,0.6349203276157398,0.7358418043219654,0.9825847428147363,-0.998380307144547,-1.0,6.365192766837782
-1.0,-1.0,-1.0,-0.47473629321185196,1.0,1.0,2.3957075741313596
-0.12518587595442587,-0.6488764890601573,0.06559305021939954,-0.6718355159346745,1.0,1.0,2.1270365804642846
1.0,1.0,0.16322136581094848,1.0,0.77524720776631,1.0,-0.47150094818227084
-1.0,-0.3641721736099026,-1.0,-0.5416080382459332,-0.9338095692883736,1.0,4.066488390960733
-1.0,-1.0,-0.2735207679251499,-1.0,-1.0,-0.022899589176622492,1.0894677602496938
1.0,0.4686349221890813,1.0,0.8696641043613702,0.9323396757334526,0.5446528207055197,-6.462848131880132
-0.5741696965939793,-0.5853500597031005,0.29714841148435256,0.6860930853571292,0.7121652065750286,1.0,2.564097129283338
-0.6638203597645418,-1.0,-1.0,-0.5611418032261632,0.7705109261697178,0.9758508938227282,2.179993815027579
-0.15043135196947618,-0.8604888275466678,-1.0,1.0,-0.4067791532555016,-1.0,0.063345551739803
-1.0,-1.0,-1.0,0.13037658782789002,1.0,0.07558033514419926,-5.103401211379451
-0.4134522842372713,0.10818275368305563,0.5400560437559501,-0.06454390633445878,0.7611529665080234,1.0,1.783883203802568
-0.3665951633075719,-0.9052779433705977,-0.3435146839637454,-0.7765215814983999,-0.4312907788375149,-0.20873672512264174,1.0597656206299193
-1.0,-0.783992532850302,0.5303305682185457,-0.0026962813911644012,-0.6988801340488415,0.016130468289375643,-0.6260710517643356
0.7439384648563938,-0.42051870843470657,1.0,0.496598958320967,1.0,0.8122679288631545,-4.438195140102241
-0.9907063937639553,-1.0,-1.0,-1.0,1.0,0.5121127264709003,-8.383885266709967
0.040285342287500026,0.9948389435655736,-0.02158446944091133,0.6537332339522743,0.4393400697161087,0.7941243644902707,0.6330529636077133
0.27601182689442394,-1.0,-0.9235299950937816,-0.9161250300790091,-1.0,0.48169910749971306,3.3961856462630724
-1.0,-0.5181874377070632,-0.14442186002571644,-1.0,-1.0,-1.0,1.638622473124348
-0.9606038596563338,-0.0058042508874691645,-0.5998511364161382,-0.22049196330963378,-0.1812920455674567,0.5189355477299313,-0.014942895605547846
-0.393628944785425,0.7771185466313717,-0.641141372510124,-0.634494859232045,1.0,-0.12196939510067328,1.529171300443243
0.41458448656449565,0.7112249906657756,1.0,0.40108495158750385,0.2384307770568146,-0.5109934013922931,-0.7660173890711777
0.6907359785315039,0.11862234620255663,0.16680480771063233,0.5820953200729921,0.5423152293929476,0.6420010439438606,0.21673080362214414
-1.0,-0.05668205224456879,-0.07774139795602619,-0.6237441343561392,-1.0,-0.07073534092337119,-1.5200206810666481
0.0969159546938585,-0.1069146939384058,0.5708329755294967,0.683202972672998,-0.028504946562946235,0.7906120893275714,-0.15819060010072727
0.4942285918546805,0.4555508983963348,1.0,0.06490652429229365,-0.7160352224494402,-0.6458069346445445,1.6737744178318497
1.0,1.0,0.4726572408242772,0.022919166799484025,0.8924083757238764,-0.6510644012714979,-1.5050796721831428
-0.4396368971535166,-0.19474023976391286,0.6614428960191662,-0.5418706649153368,-0.4472074180375355,-0.2935314574661181,0.41710630671620974
0.792822045141953,0.9100913095073246,1.0,0.41384330630800514,-0.950917699343154,-0.552353309735606,3.1175228315306707
-0.19706503391206975,-1.0,-0.630318749453652,-0.0708668222511471,-0.4069363879978525,-0.6903853868396967,-0.01881924849875219
-0.20453741836799721,0.2206085822569201,-0.7550528020610868,0.4182676136415509,1.0,0.7834562276283555,4.391759341143725
-0.5903585119188125,-0.9147494408049542,-1.0,0.32435310978401183,-0.6916872938067298,-1.0,0.26749068115491687
-0.19346000681561837,-0.006880574557652341,-1.0,-0.7263620415380642,-0.05681940952121156,-0.4366081246524823,-0.6039464622217773
1.0,-0.15921812051979967,1.0,0.28442824364135433,-1.0,-0.8322662559436556,8.13118141898093
1.0,-0.5547823983141198,1.0,-1.0,-0.5802505924413093,-0.36821397113778276,5.290512261959964
0.08169247162000087,1.0,0.34174226965610405,-0.17991815065872901,-1.0,-1.0,0.48907478554573297
1.0,0.04981367963197059,1.0,0.7834189868643742,-0.25182773497515876,-0.1439384978235616,0.6853206862691462
0.8638458800922587,0.22145278868758966,-0.05859495627987743,0.29867219562977776,-0.49776478893392767,-1.0,5.08019100272484
-0.7430702102181201,-0.32045360302743936,-0.6338348801555946,-1.0,-1.0,0.8817835891206026,3.0822817793344863
-1.0,-0.49510250730073135,-1.0,-0.9260189829055205,0.20748386727214596,0.1715553675844556,-2.4784613686798025
0.3900515094584489,-0.22123214288426463,-0.9734866610665637,-0.8978957419841633,-1.0,-1.0,3.058418637776939
0.5064665766770766,-0.3024924568214836,-0.6171202451369653,0.523243701660971,0.3645686792949071,-0.9985057399131076,0.9287797398650081
-0.5323448922293466,0.46032360794854854,0.3119889434388649,-0.6894270970004879,0.4723983864812271,-1.0,2.9627719505208914
-0.7033996308562376,-0.8312305205662296,-1.0,-1.0,0.4199296978983649,0.2685870305006144,-4.405147946960664
-1.0,-0.963838120020795,-1.0,-0.552321863559154,0.04402780814573937,-0.48221617935736694,-2.5635062195488203
0.1891974748865513,1.0,0.4617405039737442,1.0,-1.0,0.18598552758728576,1.4039815044147643
0.6553560012535864,1.0,-0.14002364696094727,0.14531362902828265,-0.4776732809566825,-1.0,3.995273452588776
1.0,0.09792228256941837,0.9321363586277827,0.540491952780626,-1.0,0.5414883523356312,3.361716587534198
-0.702747700181424,-1.0,-0.2186420421291559,-0.2891252805921518,-0.8580740695178815,-1.0,2.073183603989417
0.24743644784512653,-1.0,-0.62443952614428,0.2490004022094207,0.35600795115432293,0.9907652600491209,1.656850631223472
0.6176620777668641,-0.8499502079382975,0.30979649671707654,-0.4936698411561303,-0.574312702971888,-0.6448841366976588,5.320230273478411
1.0,1.0,0.29466361730191226,-1.0,0.20181699186885915,-1.0,1.5894344401629887
1.0,-0.7944698183748504,0.5725498544201557,0.43875539108368783,-1.0,-0.6303395102697233,8.35368460419028
-0.9923119029935206,-0.6766973750145682,0.371106483323678,-0.6830526658142558,1.0,1.0,2.581880932000869
-0.5256469083241209,-0.7457600313522295,0.3241817759549701,-0.08382064959831914,1.0,0.45027231526085276,0.7855840593011123
1.0,1.0,0.5006865044987878,1.0,1.0,0.5037521847360259,-5.126824552660329
1.0,-0.1341083329282055,1.0,0.2076983828583429,-0.002005696517855461,-0.6729660166489398,2.726029705469899
0.14210383404346943,-0.14125860160163717,0.8213877149285558,0.857727553306386,1.0,-0.04715555136089922,-0.4240321351244788
0.5058586208103376,0.5476997996265611,1.0,1.0,0.1332934314444325,-0.8074732365537334,0.7991775676792635
0.5492029611812336,-0.41522894728422943,0.1114624740063262,0.28238623716668754,0.01569584947074587,-0.257712243927108,-0.2031630498415788
-1.0,-1.0,-0.3114588515999137,-1.0,-1.0,-0.9633239480751161,5.103287710403155
1.0,0.06282682521321381,0.15005794064483124,-0.12322665235638802,-0.9242799343948424,0.9837920499452808,5.904550959354242
-1.0,-1.0,-0.6903818139442234,-0.05065052370707046,-1.0,0.11986236587631194,-3.8339296638275777
1.0,0.8940841418196244,1.0,1.0,0.5390327460564333,0.3841535418836344,-5.1324880050722586
0.14178371100929577,-0.04064205714110758,-0.20768409496420848,-0.4180253426202923,0.4104674639800986,-0.6401874010903282,0.34661971438233274
-0.6847885910763611,-0.6796721294313119,0.35813674523986166,0.850937072939708,1.0,0.6382328019521306,1.5162325973130275
-0.11106558980226455,-0.8710604927982339,-0.11605882607306767,-0.960144013548801,-1.0,0.01996798514018061,3.43149906009468
0.7283930404407981,0.8214785326443086,0.5222932063916288,0.5362089826857346,-0.07041611628895905,0.7884247700956108,-1.2125622310442414
0.21566146103532802,-0.19780557146335953,1.0,1.0,0.9758359517091899,0.8606136106769038,-1.7135662282374864
1.0,1.0,0.40339664183891927,1.0,-1.0,-0.6225714618213807,7.658642668828334
-0.4319733915086681,-0.36617613359188117,0.7139945030225658,-0.4501449337114286,0.06222071153783593,-0.1759760368511547,0.3733037158744797
-1.0,-1.0,-0.40839142750642554,0.6023874600263929,1.0,1.0,4.3763837968947685
-1.0,-1.0,-1.0,-0.17833051956088838,-1.0,-0.7366600815142315,-2.575868793450544
-0.048299843235239504,-0.9575775822714458,-1.0,-0.6638345307064966,1.0,-0.8400301679148723,0.8167083579552358
0.6394559902417065,0.0865245192805355,0.6904114491798776,0.4526020279600187,-1.0,0.5808129453867318,1.6002766439752016
-0.03554892927032108,0.953816367845924,-1.0,-0.8032930861124882,0.1293322666664269,-0.08692756188249706,2.3188153687955815
0.014813411753327455,1.0,0.293741701543103,0.35978356775380416,1.0,-0.35177590142357895,-0.6295728459511882
-0.5913034393958523,-1.0,-1.0,-0.4413535648970818,1.0,1.0,3.0516826677795206
1.0,1.0,0.7132102913371554,0.19821703802412372,-0.3643708059195535,-1.0,3.5603714972108182
-0.7950924322785847,-0.5578552343872073,-0.14101571115287492,-0.632306444211349,-1.0,-1.0,0.9922092366340504
-0.7983469421039078,-0.5337270914974763,-1.0,-1.0,0.20298612501483282,0.7626036488944223,0.83568226934217
-0.6004734759700359,-0.0959709001760295,0.26892753929901736,-0.6448350676890676,-0.04375934609656468,0.6056191995583202,-0.13221462749274776
-0.2896549832578684,-0.28703691566573886,-0.10147385090350114,-1.0,-0.6727674165792512,0.00043202971189454376,0.22767786914235788
0.0017925656100270526,-1.0,-1.0,-1.0,1.0,1.0,-2.0005358058042386
1.0,1.0,1.0,0.7797765703577071,-1.0,-0.9664680542462161,6.67621471667897
-0.6809109396536799,-0.24173006390657092,-0.48951796945274717,-0.022235773053869146,-0.6134582640060893,-0.5845992732431708,-0.5919184383530015
-0.5356615911557129,-0.07909721792464447,-0.1837309030194637,0.5339277247460505,1.0,1.0,6.308540724376127
-1.0,-1.0,-1.0,-0.9825290419090038,0.4249048983015134,0.0023861293346161827,-8.815126636949655
-1.0,-0.7206648754356262,-0.25461746466632595,-0.878817255135028,-0.06751226065308957,0.9872279521449184,-1.9430641669490185
-0.33826132122957236,-0.4297824879378726,-0.04997205667767868,-0.6871450092518341,1.0,-0.24656984738779897,2.3951646872352352
-0.43104224748628184,-0.22590309470347747,-1.0,-1.0,-0.03883062898604006,0.2258983692970476,-1.4588252192666653
-0.10174196666430935,-0.3982957277706436,-0.444903014699751,-1.0,1.0,0.696831163073756,2.7260765608141053
-0.9424657086055337,-1.0,0.17430464377055693,-1.0,-0.16692342570322338,-0.8885507646592474,4.344357918642617
-0.47337761397795663,-0.6684705272573901,0.9567737090323132,1.0,-1.0,-0.3480661392749813,-0.91846190826131
0.1274780257563701,0.02921134786950852,-0.786911304505399,0.6508309444309306,-0.001814296577055119,-0.16968773046752306,-0.7166086866862913
-0.2969917265726023,-0.9850479277368003,-1.0,-1.0,-0.47203040407166885,1.0,1.7441002315548368
0.05536546642232465,1.0,0.37262566627554705,-0.004134199120146009,0.6684795368062473,-0.2935118912081015,-1.0262017499830218
0.5534515732381067,0.7733319434143477,1.0,1.0,0.014873614796445112,0.9221256174420536,-4.7636723935549865
0.6038742518603761,0.07891351821857837,0.6550714327427012,0.9307254494996167,-0.1329674587478893,0.522632747881473,-0.28897704713938965
-1.0,-0.68443318776868,-0.6130338853711377,-0.22819018163533533,-0.580068421287956,-0.010192745695211947,-1.7902532062940628
-0.52312279355292,-0.058131201732745,-0.551818607710206,-0.39797334573254683,-0.17799471415970858,-0.3498871601491882,-0.6938386695235024
-0.08651207757170865,0.3279342235460772,0.09248290394536696,1.0,0.4558756965661224,-1.0,2.612734682059333
0.31221945147982355,0.0011018525725364492,1.0,1.0,-0.5264521385702227,0.9646735893590218,-2.4933956550853043
-0.419247405739278,-0.6128159025985489,0.12545244779139353,-0.1911721723259725,-1.0,-0.8983894728644993,1.306482571104344
1.0,-0.5296825222644579,0.24497696954713818,-1.0,0.22339568508910368,1.0,-0.5709367563642354
1.0,0.6447062744488177,0.41407651945327617,1.0,-0.4832693052193464,-0.41630801027138753,2.9056731156195523
0.33215044732056986,0.8818356866654662,1.0,0.5931885122116369,-0.9836938567909411,-0.46677679037477776,-0.38514211778108787
0.010635997909245853,0.6311522589753854,0.4589056378977139,0.22539907901716705,-1.0,-1.0,0.4673085096113967
1.0,1.0,1.0,0.6149156635154815,0.4444440384399461,-1.0,-1.5174832495310637
0.4963986749285462,-0.11018943460911207,-0.2787069233981765,0.15285260401671563,0.09769919259147591,-1.0,3.2308073853175094
0.7972103863125948,0.2501453031519413,0.4682563833840955,-0.208011755176284,0.2529991298933646,-0.08478557325476399,0.42225247022865064
-0.016062033651195295,1.0,0.20819683310956144,0.8577005194022922,1.0,-0.08305555475270099,0.0755294701676803
0.9976877777846034,1.0,1.0,0.2019253490394104,0.756082392441237,-0.8061174650060308,-3.71514034782947
0.32130065077908054,0.4968568493360819,1.0,-0.31111135182108846,-1.0,-0.3917739366023656,0.6493220909074685
0.41428354004652956,1.0,1.0,-0.014690892564685809,-0.07932816674264154,-1.0,-0.534321180261555
0.11591710653074061,0.9015609104735587,1.0,0.9263489133808347,0.7712228155691353,0.2845750159130995,-4.487727441046263
-1.0,-1.0,-1.0,0.3962431100442134,0.08753288856376862,-1.0,2.813140809932503
1.0,1.0,0.5346064510023452,0.2250440313756863,-0.1303660949921147,-0.16529722386907642,-0.5632931815065044
0.2089801416684426,0.7241921999774444,0.09940302207137963,0.06951923451471198,-0.03368992711715396,0.10941032300948111,0.1347720751659366
0.2145892009571957,0.9692261870752732,0.3151410566649593,0.21892073471652984,-0.283918918814938,-1.0,2.0928213125851096
-1.0,1.0,-0.03665334829229566,-0.589452227386894,-0.28698842180917594,-0.3552984740669649,-1.8095189749135039
-1.0,-0.8755655900025427,-0.47903633129152534,-0.662881925501835,-0.5677278194836776,-0.9107143618745533,2.293277707314205
-0.42023568260785205,0.8076136232539235,-0.20059379478399136,-0.14426559076449502,-0.5032265448184643,-0.06551008051870522,0.40188001113067884
0.039311082867811264,-1.0,0.5780999998275822,-0.4611410159740286,0.2340657057029466,-1.0,7.003554019736663
-1.0,-1.0,-0.6371377567143668,-1.0,-0.5693616279782748,1.0,-1.6119375302908954
1.0,-0.2727775347487108,-0.10235685377583109,-0.39576455696911034,-0.02197257498737515,0.171353826663998,0.8244686575320918
-0.23015014274277934,-0.5353907355137426,-1.0,0.3237149299608614,0.6700172346149575,1.0,6.654847785408445
0.2832194739273054,0.46187172401129306,1.0,0.6722083190074073,-0.4493308363634908,-0.7969136824220171,1.9826287416246955
-0.605638836756331,0.050824974898274894,-1.0,0.9122024813087596,1.0,-0.23848922325673713,0.0425378351861897
1.0,1.0,0.44176310070694735,1.0,0.662678984164378,-0.08877667803336566,-2.1697368767319802
1.0,0.3991472360858239,0.7203719311187016,0.37164147096659317,0.6294288815906649,-0.1037992512831023,-1.8753492840231927
-0.8910028301551967,0.08495154445331754,0.3554413929348459,-0.9374583949433553,-0.3854923207058296,-0.9703733117984309,1.6578213407363525
-0.5211840687345255,-0.10139695804889226,-1.0,-0.9772013930847496,-1.0,-0.9943841831136825,1.4139311304935174
-0.7733286985557557,1.0,0.13429119483914678,0.10886369790388739,0.25361883018534187,-1.0,1.8655440135691308
-0.03785024235884216,-0.6562665801107513,-0.3666309872636294,-0.9328650311220388,-0.0950269310896299,-1.0,3.7809820142305943
0.1826292748613974,0.08838275485063207,1.0,1.0,-0.10286773661753656,0.9983508178295615,-2.2435593909975236
-0.11942798622225947,-1.0,-0.9986391871971219,-1.0,0.02598195569550521,-0.8614271251275238,0.12197491673740857
0.9538968891512309,1.0,0.5940766031917639,0.7271325368359707,-0.22581384937720606,1.0,1.0224773063887347
0.49612914385657947,0.7378886339122781,-0.18919445913305744,0.47106580792694286,-1.0,-1.0,4.664542192034133
0.7589871490165263,0.7312380541469616,0.8845599432441918,0.1734332058941015,-1.0,-0.009485281483456065,1.272578876403343
0.2273188982487665,-0.7174525953086055,0.5838367386295812,-1.0,-1.0,-1.0,8.98128526254258
1.0,0.419700022762844,1.0,1.0,0.27524534773718673,0.9966553132226764,-4.105090565127737
0.9093781558543483,0.8262663874757255,1.0,0.9702207164573367,0.09171631120847601,0.1893831972349186,-2.34145604567716
1.0,0.9563226119504311,0.8940647964049356,0.43848002690565424,0.720168185030053,0.6139124234295132,-4.939098201791326
-0.5988911505702492,-0.25501936287563676,-1.0,-0.1729718506816374,0.5128950566297331,-0.20537347488874325,0.25488048393951174
-1.0,-0.95448862234117,-1.0,-0.7847741369546528,1.0,0.4928276400176893,-5.315546820168981
0.026230365625546592,-0.5002078770940909,-1.0,-1.0,-1.0,-1.0,4.489758595115008
-0.7499475307336849,-0.26004207050727607,0.4467874464420963,-1.0,-1.0,-1.0,1.8608859179800346
-0.06820798853419385,1.0,0.9524756252870814,-0.35277037711636455,-0.5579402206018138,-0.5414426856899952,-2.3899555978723805
0.20479741199258505,0.010373174572317678,0.04128701274424407,-0.14244626000600652,-0.07620203796447456,0.09409880201149023,-0.2887074653359866
-0.16517388889758233,-0.5983987041050896,-0.6091349768430117,-1.0,0.6650187598251335,0.36102486831395675,-0.8101780090304995
0.06271421224226925,0.48878154987940914,-1.0,-0.9809873775763762,0.8792114036943313,0.45833141479008344,2.7923208564659596
-0.5438894570933723,-0.64497327459006,-0.8075846077105291,0.2553029382769264,1.0,0.06667176860866497,-0.30560203388362017
-0.14898138688386187,-1.0,-0.5980409305256551,-1.0,0.13771920070353183,-1.0,4.115025235497215
-1.0,-0.2232246656789189,1.0,-1.0,-1.0,-1.0,-1.8531236743047206
0.685032679020285,1.0,1.0,0.7955531991964238,-1.0,-0.020617583973868703,0.7602696813858283
-0.08112264384828682,-0.8682292429384737,-0.746902925071049,-1.0,-1.0,-0.6826035230876293,4.467907699984381
1.0,0.6030333387297229,0.03106832910383961,1.0,0.21550159588998705,-1.0,4.633380003271975
-0.7299469227837925,-0.6148557745509522,-1.0,-1.0,-0.9062077947467595,-0.38922713202341575,0.5721642528984334
0.6298708194359934,0.607711475736409,-0.8413271046012747,-0.8169851935459147,-0.8494235530775809,0.37923148249455574,3.4988935069898552
-1.0,-1.0,-0.370615800355367,-1.0,0.9835644982185513,0.045030743460020395,0.5496327973356414
-1.0,-0.9449960283799499,0.4929463390272809,-0.38618889608618195,0.897713942748538,1.0,2.6685840502116367
0.39388430602825864,-0.5358223575128178,1.0,0.8593993554815719,0.809206241360083,1.0,-2.164818840447355
1.0,1.0,1.0,0.7560656116291069,0.5949660986467912,1.0,-7.059285677574067
0.3299622872338832,-0.7456543465533394,-0.13335499335711765,-0.49915185831985925,-1.0,-1.0,5.244352005296394
-1.0,0.23446527598383377,-0.16615765597300658,0.2511565226903836,0.6828221143140805,1.0,4.90020846843141
-1.0,-1.0,-0.9808920209101801,-0.8344339932908424,0.38347860644040177,-0.37035433837822324,-4.731719017670006
0.2365379561363199,0.9659117608229069,0.985352862561077,1.0,0.6160424494485343,-0.15607480491546422,-4.643512113286257
-1.0,-1.0,-0.47199251911725315,-1.0,-0.9485788274217641,-1.0,4.387488479096377
0.4075462287806464,0.24329135555747516,0.051288031803083944,0.2944071514753641,-1.0,0.8604771063893297,3.4203666470266305
-0.2409982793698734,-0.40624519645263346,-1.0,-0.6959079930562626,0.513357246041478,0.310966244191185,-0.8613391665081211
1.0,1.0,0.2626211093548523,0.06440276912986609,0.03004219020661192,-0.30385163330207676,-1.0772868850590747
1.0,0.6367008694599737,-0.18680086729208864,-0.9173107043334144,-0.5416684739852438,-1.0,5.081190589806065
0.368723095313225,-1.0,-0.01948342947061491,0.9572216675670759,1.0,0.29699435637079974,-1.9493844476374036
-0.8137416583298449,-0.5733880273717815,-1.0,-0.44265828352308667,-0.2463057995750274,-1.0,4.978827118849504
0.19850860977359708,0.493779823955822,0.9186982504483041,0.44035471911031343,0.04080851859903545,1.0,-1.4458146525661253
-0.43364179721864415,1.0,0.7918296881414614,1.0,-1.0,-0.048862462782184424,-1.7427076165486615
-0.6392389613961038,-0.8035916992453965,0.1824208039847688,0.1750258622567146,-1.0,-0.46349557223190013,0.7212827836929135
-1.0,-0.5342598552974108,-0.10758630476210485,-1.0,0.9810513511653527,0.5053095032097265,2.810095355193806
0.3709040274523613,0.5735474507128386,0.9891208570376703,1.0,-0.16865865954056503,0.1777315115626595,-1.7091346164221863
-0.023173173569704275,-1.0,-1.0,-0.13469386320289511,1.0,1.0,2.1849488486592197
-0.8401452414215989,-0.6567770990942597,0.4823971918963942,-0.44658660513267545,-0.5346034136222116,0.07126324746463042,-0.6593025149543215
-0.14250302862765363,-1.0,-0.49769182637940335,-0.8317100419798429,0.06174035686227053,0.7421576009872293,-2.7648930336358495
-0.20609239758264175,0.006778875270407769,-0.9343286930665016,-1.0,0.8132026125511267,0.4465556007554068,1.4374144793271095
-0.549106116271077,-0.643393476102225,-0.40681487945339384,-0.4947489030492789,-0.9710392906175427,-0.6829123197537207,0.4662924168639143
-0.7812235668808886,0.7640346872982882,-0.5733192014935418,0.11389695432309402,-0.14382310272902882,-0.4052964890629872,0.8607752249241021
-0.06891817099614184,-0.1226595251238467,-0.9988122139725136,0.5746613697291687,0.40896526874807293,-0.8332229424281201,0.7926899837173214
-0.20595757007725463,-1.0,-0.344866148771253,-1.0,-1.0,0.039895652250008906,3.5721282003169916
1.0,0.5504740580044731,0.19359786266409565,1.0,0.636784893411392,1.0,0.15483647764926806
0.21484669992953986,-0.7276693814253219,-1.0,-1.0,0.6722833437040066,-0.018852271518476127,-1.8698752173180166
0.30140455565650304,1.0,-0.2719992156534724,-0.3483680524438114,-0.07549400723162741,-0.5924215371200483,-0.16126345909056639
0.9698519424166552,0.5358832720780142,-0.5947769987567337,0.005215812541743858,0.36838961459232733,-1.0,0.34968578234882597
-1.0,-0.9158292180335559,1.0,-0.7423949827623382,0.13974157097447193,-0.9153281256428701,7.181425206608301
-1.0,-0.08090360375976091,-0.5084641428415483,-0.2926767078454938,-0.512300691846576,0.6436368442583222,-1.0278747251906606
-1.0,-1.0,-1.0,-0.8226005445525606,1.0,0.997252284052978,0.232931313277558
0.1417266461173703,-0.1048817177319603,-0.4669609066894913,-1.0,0.7570165597888894,1.0,4.851850861474533
0.4791985261958098,0.38667650962380173,-1.0,-0.9364898180579944,-0.7106399929052827,-0.1482337212059992,-0.16780825519721032
0.4475146792211173,-0.5271091466083488,-0.1753010612543715,-0.42645465282778383,-1.0,-0.04671429617235123,1.424473872568275
0.091227838478383,0.6729615707645593,1.0,1.0,0.5547786220201915,-0.20447350352109217,-2.6080118399550845
0.30931491391310484,1.0,0.8171119258429671,1.0,-1.0,-1.0,4.713896390527526
0.3994896615562349,1.0,1.0,0.37961738459646344,-1.0,-0.09463619546699258,-1.9732765975876418
0.2616282613407237,-0.7227660198498174,-0.1368191836541921,0.7620456783502447,-0.155359550793579,0.5337586319581922,1.0677884231466106
-1.0,-0.1882408821342963,0.5670160062669732,-1.0,-0.803437246109924,0.5813307503330399,-1.7420379192980886
0.049142351894745806,0.9351231713098256,1.0,0.26388238183322277,-0.986668658691354,0.5962976162405521,-3.1406058672210957
1.0,0.8062671730935419,-0.2234310459365682,0.9193776953430745,0.05027402215198917,0.6060597030735296,0.5340498432986164
0.013335618830204954,-1.0,0.0381632873506797,0.4835277703141409,-1.0,-0.2373921659730054,1.7907011188930908
-0.8523782829018265,0.5309350232195031,0.6930417351393297,-0.6066561304562067,-1.0,0.40152993366905343,-2.537146031178312
1.0,0.18410143805393187,0.3565777827520711,-0.27021969361246706,0.11438129395762286,-0.1197033301277558,0.6985655305736103
-0.5821894850207534,0.26098337155322643,0.846726287173371,-0.09233498066257617,-1.0,-1.0,-1.6100042406350525
1.0,0.0031270425041711736,-0.07246293067620202,0.6434860811235017,1.0,-0.41595685861351933,-0.6058839242001821
-0.4124955800548933,-0.5798756968972409,-0.27482607811987275,0.24441162073640033,0.8302638416109382,0.20629793147593767,-0.7571886860958813
-0.24332500824702136,0.7426528665508018,0.839827112280222,0.1578050448761789,1.0,1.0,0.6881576248500951
-0.9734539977289414,-0.832199239490413,-0.2720779389430035,-0.47967041266967536,-1.0,0.032140619177774,-0.4510676809999511
1.0,1.0,0.9418875729915631,1.0,0.44242965322220706,-1.0,-1.1224977926198545
0.1336253838737939,0.8036113332943364,-0.36061626508728833,-0.6140352229878758,-0.47659194208893924,-0.3049054158211747,1.2591423307203713
1.0,0.5095496652852369,0.8869761246760799,1.0,0.0014387507562614033,-0.7075932036389148,2.500211007236451
0.4181896811260537,0.9505256846325241,-0.4650069849129298,-1.0,-0.8103919837813558,-0.06788871406023178,4.827781371898897
-0.43255431667077454,-0.8564485471977893,-0.5044617607262807,0.9686369660299761,-0.40753409151535513,-0.7391454137521778,-2.0562563672580865
1.0,0.20276147344491735,1.0,0.10530298491743373,-0.3126434734646787,-1.0,5.2679547059154
-1.0,-0.20336671965593367,-0.8048146289541,-1.0,-0.34512107229704264,1.0,2.461772808547381
0.03647611043133603,0.37363501959261813,0.8192199827184072,1.0,-0.40737908093346337,-0.8682933415804446,2.169271569441777
1.0,-0.24990723519912533,-0.7292401830790807,0.20483852468293448,-1.0,0.4184391264412148,4.763907493268899
0.608945508845904,0.37560145239589127,1.0,-0.15007143015854368,-0.43327644847233765,-0.753939975734859,2.216840936310903
0.08536394573379047,0.3667045505543075,-0.8648315657881271,-0.5726902962035526,-0.30116790001656135,0.16408028043581804,0.260714044027157
0.6165766273259834,1.0,0.6016573463265447,0.26443973166888735,0.42876395443336235,0.005476558380296426,-2.1794031254837507
0.04361020415389831,-0.8063703897166725,0.29238241713287516,-0.1623898335919009,1.0,1.0,0.6083280213070834
-0.6314395135470745,1.0,0.4363025334775159,0.05709285535362291,-0.015133865166361837,0.7252625231042351,-0.5173003849177849
-1.0,-0.10138503278624783,-0.7394350143798307,-0.46662973610971625,-0.1531018130834927,-0.3746734083891723,-1.0576388184227057
-1.0,-0.004162189840228092,-0.5368772102258428,-0.026630733887059554,-0.27485012231592015,-0.13234442566909088,-0.598328621181145
0.2731409652048015,-0.8849192311134526,-1.0,0.7933363726655978,-1.0,-1.0,1.716426888288737
0.4411722077980855,1.0,0.02900834168760591,1.0,0.9795864574024573,1.0,2.6439997192367475
0.9800928692623034,0.6280525494321333,1.0,1.0,-0.9434818854175149,-0.9728274456350597,7.768881787409773
0.14797253484203732,0.006553554916936877,0.9846061100583388,0.8013572204030548,0.12175617677385508,0.7188064496028179,-2.7579143019163226
0.5134060067175554,-0.4365347134041556,-0.7528623856690662,0.7800726649233388,-0.4452153746916418,0.1709387505419987,0.8831031326031191
0.18647572472676777,0.3382338414297248,0.44386926921808867,-0.8404972310798691,-0.47579667424100225,-0.15718022669622386,0.010410009760568661
0.03710597383078085,-0.0868487495889747,-0.7309570263225232,-1.0,-1.0,-0.8818549098403654,1.7152329043124772
0.4218235185229282,0.8298894303764364,0.20398034491246753,1.0,1.0,0.6923994792853804,-0.2657273908988515
0.3698312042170685,-0.9479878312783789,-0.5776300649475183,-1.0,-0.11154358478118054,1.0,1.1329672907260044
-0.5662231168386297,0.09118151415132358,1.0,-0.9684672213905818,1.0,0.20237250482658298,0.3458030870865911
-0.1990115022867205,-0.9914355305493903,0.7925345431628523,-1.0,0.5056988073527472,1.0,-1.8637344760806123
-0.8596665715834613,-1.0,-1.0,-0.8832102495600803,1.0,0.3911837184241119,-5.624504866715785
-0.18917138292363922,-0.7883298128109058,-0.775313202596791,-1.0,0.03854166635434106,0.5536543391870616,-1.1417845685305203
-1.0,-0.9310310354579129,-0.2751969392444217,0.38937664930806554,-0.24699856110462104,-1.0,2.275040960765781
0.25416852040156046,-1.0,-0.8716460595778159,-1.0,-0.1809148814958612,-1.0,4.129293028396597
-1.0,-0.11738606078867297,-0.045989774166289576,-0.04927054233480965,-1.0,-0.7173082100511943,-2.3599845815596243
-1.0,-1.0,-1.0,-0.6772762537518024,1.0,0.3644200528683803,-5.6443891584781944
-1.0,-0.13525603088933025,0.02697783947093957,-1.0,0.4774200991355443,-0.5182982772541961,3.517718222273708
-1.0,-0.31069812666871316,-1.0,-1.0,-0.0028200558502861073,-0.24117594258722352,-2.842492149941587
1.0,1.0,1.0,1.0,1.0,0.6497655353999674,-10.11377178012216
1.0,1.0,0.7256563241402304,1.0,0.5785821425079485,0.8741489962651852,-5.0964267472547915
-0.37916051747724416,-0.5017817646215529,0.3625182483712932,0.36298637072991036,-0.9556263022463061,-0.0498826402724426,-0.7792267933838881
-0.43538518224784406,-0.9737634028110296,-0.6832109078032513,-0.8689511015011451,-0.7877572496437768,1.0,2.168519156771683
-1.0,-1.0,-1.0,-0.2631149964952473,1.0,1.0,2.5511203497934964
-0.10058230745238528,-0.26113982827041426,0.7975733149836257,1.0,1.0,0.24982246769433503,-1.260744639706998
-0.8428836640277173,-0.5136461381154336,0.6794112664131802,0.38456953575727915,0.4681977451469312,-0.17057929580731124,1.185367399006082
0.6741229105871434,0.672653764716995,1.0,0.9134506157056277,0.14568874069531967,-0.9135107055079582,0.6236381401519041
1.0,1.0,0.6102532347575299,-0.2131367323409442,-0.1011443287927904,1.0,2.1138668954576687
-0.7536297348348668,0.13573484829859656,-0.03480507996273902,0.22357974062825536,0.9589638325419232,-0.08907401868476066,1.5013909477574052
-0.2502149192663373,0.9782955232756323,-1.0,0.7268410255545248,0.20140912219728158,-0.3468167986555567,1.2850623578774876
-0.42437482522816056,1.0,0.13432844868477,0.1776878048510444,-1.0,-1.0,-0.05780813067188462
-0.10450874255937359,0.4924008098054061,0.7722958137392943,0.9051881884652333,0.9374542905684451,0.5812563636021713,-1.2579262662477992
-0.801400818748871,-0.11898925349705003,-0.134907504575849,-0.11762001840254065,0.10288567351523337,0.9234321868881726,1.4760141901621424
0.32742134853178634,0.13080393558347778,0.38480793502170757,0.4517268594173752,1.0,0.2965359770715331,-1.3516046162361344
-0.883139045049466,-0.9858363736006694,-1.0,0.3034924754306131,1.0,0.6797657367924312,-0.32953586128946494
0.8809428738964462,1.0,1.0,1.0,0.6072501376284497,1.0,-8.231399500467699
1.0,-0.14468147189573233,0.07692446397494623,1.0,0.25103823271354386,-0.6998302196754328,1.6098435208031616
0.5106259069521771,0.7237977201723012,-0.5436069867822623,0.4288523878931231,1.0,0.9689445681223459,3.4010692393772652
0.024885286215114474,-0.08025658220207088,-0.019395148661552564,0.000598737288644402,1.0,-0.2171579402223185,-0.23464247949480524
1.0,0.1742551034831304,0.328881870784024,0.026938662410800784,0.444928923280999,1.0,0.17589003215331372
-0.4604188720167405,-0.1370225163730585,-0.3306601453022504,-0.869186322161704,0.9021630734079971,-0.6730388085994715,3.2643288153289927
1.0,1.0,0.2503375290475338,0.38366414142933714,-0.40263613619045147,-0.9391867097905968,6.1261301398401935
1.0,-0.8132594279873127,0.3372799449594591,0.5929108240163263,0.4209651641486658,-0.339505117676768,0.014547580154273543
1.0,1.0,0.3485450894952716,0.3651373549754858,0.6683321129859641,-1.0,1.7246957748169387
0.3017315177164822,0.39525418054976086,-0.9596122549782151,0.21089044840660642,1.0,0.08319639766255715,-0.8639348571328309
0.5053530756344558,0.965051943550779,1.0,0.28066859438087555,0.4622968062730003,0.5593187580081671,-3.2183304622136584
-1.0,-0.34320129054849763,1.0,0.8147595339316639,-0.9141434596473115,-0.937996016534627,-2.1154313588392455
0.034889849639515136,1.0,1.0,0.9231690491784241,1.0,-0.0023749971807918158,-5.797983992215052
0.7538440436126042,0.454052792678179,1.0,-0.5184447944738882,1.0,1.0,-3.2718338402750975
0.24136458374827985,1.0,0.5542196506389725,0.25778658032472557,0.9573920066640642,-0.9855011287765596,-0.35536067785829006
-0.9542854742602012,-0.6048647099036477,0.720647005794598,0.4415084510579699,-0.13916514247592637,-1.0,3.531413631311546
1.0,0.9441755530257341,1.0,1.0,-0.16575302966684324,-0.4226502354564796,0.9400666385557654
-0.5843169835021167,0.0585874231361862,-1.0,-0.5325399823616135,-0.9005879695359875,0.22970632744041097,-1.6774824830019897
1.0,0.2832686729417033,1.0,0.5849942355792154,-0.5142479661275918,-1.0,6.254519322778532
0.7758165516895403,-0.25728449521699903,0.703805755057735,-0.2021053527044313,-0.1905315215895691,-0.6411578878339965,2.057121543190505
1.0,1.0,0.002341560767797013,1.0,1.0,0.6354390095352211,-2.929337074774036
-0.20008382037816336,-1.0,-1.0,-0.5135768324377283,-0.29747712648217717,0.048807196624969795,-3.6370243799618045
0.9650654077042122,-1.0,1.0,0.39034290021712287,0.2214123454728748,-0.8059067852874375,5.13153829519191
0.6895855729929681,0.21964219294905507,0.5533756806845274,0.7349527114517956,-0.5193259351021422,-0.23585195417796367,1.483682175354123
0.7158426141224135,1.0,0.48357174662827485,0.46300511870577854,0.07356324291215773,0.49874189521774476,-2.2820420366210707
-1.0,0.16341548684705454,0.270176497852051,-0.9926828354646388,1.0,-0.7244675992503975,5.6702065399105654
0.01268653417713362,-0.23815885426153482,-0.22700360098707714,-0.08236165565144737,-0.19856531137220712,-1.0,2.6968638402957663
-0.4079496211536009,-0.9079544329364353,0.026331248175532118,-0.2714553004466927,0.8671027382187277,-0.004455212766888317,1.8620893231853821
1.0,-0.35072457232088805,-0.22092574322673597,-0.1519214349897255,0.8946296180863174,-0.12914808114572945,-3.6573893379390876
-1.0,-1.0,-1.0,-1.0,-1.0,0.03316503401930315,-3.5909470847350162
0.20005139908419983,0.8327211503608962,0.3234747931636621,0.14964417309138472,-0.8579532281790488,-0.2745277420462666,0.06012166514362344
-0.04055355398238275,0.21491197079923047,0.5436316702517839,0.7432062810932383,0.49587560261648145,1.0,1.1158015111711048
-0.7681709777310892,-0.2330874333549986,-0.9647380431153161,0.029364092921221552,1.0,0.5301054209954686,1.8829524937198274
0.3732428629848475,-0.9059039265707243,0.9245266144103055,-0.7713587659333271,-0.5075329813177851,-0.2159821164675056,4.321740455894728
-0.4452369106932069,0.7540844376651715,1.0,0.03378015007700033,-0.7307776036850739,-0.5748611819491464,-1.7471874500550941
0.07377286153594886,0.3100202935158819,-0.3187735493628582,-0.5837709286130275,-0.6497214761715244,-1.0,2.081565241321874
0.2032830727911532,-0.9236869698739048,1.0,-0.39822539440070454,-0.04548857362798808,0.315944330550828,1.359768345994364
-0.7367357555182902,0.05093697642813605,-0.9361545593492127,0.17942692978427685,0.30457725237144895,-0.49285350675512574,0.949709448210642
-1.0,0.11324658547300478,0.30607341117968456,0.5108947685192629,1.0,-0.16661157105233693,2.3789579233403084
0.7399349074124026,0.2438002661663096,-0.2789655751876346,1.0,-0.4660064604719949,-0.8650226177600522,4.603732505856149
0.8113183228268139,1.0,-0.07744668996395551,0.3273640026550163,0.40015912962834566,0.9067824474481103,2.528165095902038
1.0,0.0983925632975986,-0.04867818689133252,1.0,0.3173106192767515,-0.9790182076084893,2.520897906810088
-0.10932512526705984,-0.2332580745114501,-1.0,-0.951553569890857,-0.8718868033056902,-0.044477263015407595,-0.04539693193179606
0.983621812961402,-0.5666751475490832,1.0,-0.6703402698303498,0.7306183928836016,0.6617193870914257,-5.498094980256208
0.8159302261875294,-0.12800656275958905,-0.5260446472451473,1.0,0.23469732495686135,1.0,2.623878911989464
0.6536882373004054,0.3171213062053966,1.0,1.0,0.1025561322450605,0.11824468510663233,-1.6665800162160112
-1.0,0.43697587255318826,1.0,0.42185628392122615,1.0,0.54478063908426,-2.68824621646154
-1.0,-0.5372480640144843,-0.002026826420947536,-0.01671889718507047,-0.5884588502293698,0.8202689860312402,-2.038229631641192
-0.8663994616034623,0.16137439432363043,-0.2655556466485157,0.46870508605319106,0.021703150432275817,-0.13054440656547328,0.4122048930674057
-1.0,-1.0,-0.37284347254432304,-0.5307854973735149,-0.545799749351203,0.16613207498616564,-2.772742019016783
-0.1380869072870032,0.749242392882293,1.0,-0.14156520360151853,-0.5434663260048602,0.6327000160738177,-2.016211102424008
0.751227820220991,0.7339334219017766,-0.053543009624827595,1.0,-1.0,0.004178371730236163,3.390892144264921
0.04167955179131551,0.6966031236701239,0.3069886572856228,0.6928555553494402,0.37980924930886173,0.2536029841957638,-0.6042173539926837
-0.14301857530331474,-0.5339152886743614,-1.0,0.13074493510202917,0.5186733895318976,-1.0,3.020939005340319
1.0,0.34709198806989405,-0.39706132551882684,1.0,1.0,1.0,1.0274318403365212
-0.457976856110744,-1.0,-1.0,-1.0,1.0,-0.3493139423692965,-4.762832039851931
-1.0,-0.5555107667394703,1.0,0.9300461701772651,-0.4468091464811419,-0.546001365839081,-0.6779371980261221
-1.0,-0.6160208016664983,-1.0,-0.550343242342252,0.5192081661571375,0.7471655243848513,1.9808749118654885
-0.4648607264086401,-0.34989827632485093,0.7098680538292206,-0.06548509245365974,0.5433382743411215,0.9245798865721504,0.3981665736375421
-1.0,-1.0,-0.10807014495165855,-0.641093261934466,0.32176976615247604,1.0,-0.845771390654742
1.0,-0.2605669656401334,-0.8165144805774015,0.644204616705003,0.12813869124698785,1.0,2.7137167937572992
-0.04475258335068004,1.0,-0.6279632176657031,0.25353946579324704,0.6529542569503468,-0.2609503090715549,1.0178411927739222
0.5498585436021298,0.6551021692101038,-1.0,-1.0,-1.0,-1.0,3.1030823135983256
1.0,0.29962342953201127,0.7842889647061719,0.5384055291898913,-1.0,-1.0,9.249778627273418
-0.4940646475032412,0.8248279890418488,1.0,-1.0,0.09750550592451766,-0.11349967849823495,-3.8339974526070937
0.7940338447078785,1.0,0.583611328036058,0.08684142762775582,-0.13076023580984808,0.4658776985978468,-1.258516528150285
-0.1765084352181573,-1.0,0.5874154697309495,-1.0,-0.6267910080880142,-1.0,8.89164448600786
0.6256866308419927,0.6680714499457504,0.7513300693735003,1.0,-0.8203437113303167,-0.0020049687204743982,1.026548069413825
0.3555851841998687,-0.7333008466068454,0.16611018864783478,-0.3669037287831018,-0.5267842287488507,0.49680705966058486,0.7532203246946754
-0.043787898254426,-0.1359732113271983,-0.5395809335773939,0.16962688078269583,-0.46937412117318883,-0.3055985410282654,-0.8330437726950028
1.0,-0.12844027809904524,0.21153634766184015,0.10502817978181755,1.0,0.5330650163113695,-3.2009665670994916
-0.09944856870923058,-1.0,-0.5765517252231049,-1.0,0.21052108703151162,-0.21740889044728842,-2.53120471188524
0.08146410122613013,0.08855581675340568,0.21377684969669714,0.566093660516463,-1.0,-0.7100645685135669,2.523360039647639
-0.03401553362757315,-1.0,-0.3582844800519337,-0.8702084258049118,-1.0,-1.0,7.060184054842551
1.0,-0.3031299038370866,-0.23907823291107222,-0.18270497637186534,1.0,1.0,-1.4121762584270046
0.07055553731540454,-0.5484455220952152,1.0,-0.20772694966757488,-0.17039405749267406,1.0,-2.4038880642437257
-0.2974073055935289,1.0,1.0,1.0,0.049621506616503955,-0.7626917506857258,-2.3359577274377026
0.8999584122938901,0.38432736856110333,-1.0,-0.8550430871993142,1.0,0.8582356034820451,0.4294021509271188
0.7538253167518787,-0.12948328869907133,0.38681436227491567,-0.03298638416029903,-0.5937396523876681,0.5839353499829101,2.3378944600936675
0.7604118487789231,-0.6410112561755293,0.3450443166006263,0.24686467743721097,0.5660261279314424,-1.0,3.646118009414791
0.7223420310982398,1.0,0.5452650829780459,-0.26202145931766696,0.5756462651655916,-0.624613103074612,-2.452789166371234
-1.0,-0.4950500753389271,-0.3849671972917179,-0.21946447938249358,-0.2967893063475572,-0.7211193619286093,0.35267022138425164
-0.4265070981077722,1.0,-0.9479480007619842,0.4512940476827433,0.7954370158846844,-0.47799347712262896,2.0911432104940166
-0.8260300979583799,0.9719387752273142,0.28892510151123163,0.28233709059504797,1.0,0.237520693112318,2.3779140918832113
0.9513484623949435,-0.036193759401330905,-0.08706674546935367,-0.2357712267482924,-1.0,0.11245933143732978,3.347728358863578
-0.0756400189233159,-0.9835589633097059,-0.6023208089701284,1.0,0.7231761725701519,0.0561400512117452,-3.737052342013817
-0.9363581523169873,-1.0,-0.6151260513722077,-1.0,0.8571842212625568,-0.7397290380900772,1.6715784425770457
0.9696134322890794,0.9543838717582831,-0.20336575826383835,-0.6864662399359123,0.6006234983765042,0.2874253074060942,0.02549348032598031
1.0,0.6729115371762728,1.0,0.17193926591771924,-0.03959295704765242,0.6351766335314625,-1.5898189709747166
-1.0,-0.7290341993955809,-0.6721437732970948,-0.20793458243464658,-0.18605663280594098,0.08621559686543617,-2.4108345237165905
0.7269454542733551,0.35349561487347353,-1.0,0.3282730862150667,-0.5417114464512212,-1.0,3.9083880696256172
0.12008262465560601,0.261844654252039,0.8488179323791001,-0.20152066406374392,-1.0,-0.25264757857943776,0.0975621921664066
-1.0,-1.0,-0.7031965020610537,-1.0,-0.9257621615659459,0.7284822437112393,-1.2293224953313748
0.41962726104902637,-0.11192638502555036,0.22359750413975338,-1.0,-0.9010618532702173,0.932530295320754,5.779137563044546
1.0,-0.4841086286711222,1.0,1.0,1.0,0.5528230576651636,-5.907786854658267
0.9153997266367215,0.960539189277809,-0.20035200854609708,-0.08018124106303162,1.0,0.2642976958501011,-1.2390828321637688
-1.0,-1.0,-1.0,-0.9828843380922476,-0.9520044337616462,-1.0,4.406433767642204
-0.07973468847445497,-1.0,0.049712670621501975,-0.05478313679467384,0.7970783389725613,0.9333721798945525,2.442602531617407
1.0,-0.12142402405708119,1.0,0.9605132367564503,1.0,0.47050233556243803,-6.179824465365551
-0.7877685848318939,-1.0,0.4240127102116362,-1.0,-0.06266131064502212,1.0,-2.5125071536831145
0.664519136410739,0.18070371473355634,-1.0,-0.93596755361845,0.5285955521174321,0.2525379720584029,-1.0740061902170805
1.0,0.11897875413316561,-0.6382610293809238,0.9018097212749091,-0.44989596349695127,-1.0,3.9861283402068683
0.9500616226752672,1.0,-0.8230683527727185,0.19967863197158042,-0.3653839576686926,-0.9097736764607063,3.5717800738174503
-1.0,-0.40162637291505976,-1.0,-1.0,0.5411220202790219,-0.3482972391796355,-1.988345451916706
-1.0,-1.0,-0.7841043677933208,-1.0,-0.0996864294856294,0.3753710066716689,-5.728388569287105
-0.5854318506755753,0.23259677356066322,0.5867012024472175,0.9720741078791355,-0.22814932748593086,-0.5123276078233406,0.5434273926477892
0.7776425732465744,0.7627800109041631,0.2577289515341834,0.06681450379951448,-0.18534641816631794,-0.2570740413492819,-0.1509984797476236
-0.3103539601544696,-1.0,-0.22391883714403815,0.43605414326550884,0.7121325989300507,1.0,3.67891481741405
1.0,1.0,0.22347218576184022,-0.1447323063851561,0.7822802072013975,0.7060997006978575,0.014362502476459427
0.1657801566557109,0.7306979758801864,0.033360901895026884,1.0,0.5143204583177043,0.704845108411486,0.43471158555533984
-1.0,-0.30587230226399176,0.3171058151115506,0.5679693678725817,-0.06764905695955181,-0.008574832796518689,0.710093446621471
-0.17218512392960839,-0.0931708981780397,-0.8939521584810226,0.27485700460204887,0.5084147308006743,1.0,6.1798210940643346
1.0,0.8539719322478034,0.4084712995939106,-0.7777799868060915,-0.3800134187801455,0.38152718896499743,1.9096416539292802
1.0,1.0,0.4162727185783983,0.9901002302440811,-1.0,-0.09061546199524956,5.506883921420709
0.27351424999046436,1.0,1.0,1.0,0.8999887898436635,-0.7023242873744436,-5.389371318028062
-0.14456207901548224,-0.2942818359465589,0.0654965123466229,-0.19289283343213248,0.427803968242865,1.0,2.4444427800625133
0.03225449863818253,0.9504704555344146,0.5391889051990061,0.33456871082478556,0.7547173183397832,0.4378956098494222,-0.77967094062148
-0.6752210308153582,-0.4179777808143948,0.4527889567017386,0.1907376269348111,0.5074375594346148,0.607159556730126,1.1267125177605264
-0.8934880047905811,1.0,0.34858587840926913,0.6684449087217906,0.7513248963658181,1.0,1.8853811090347525
1.0,0.3301349971681776,0.03958036834125234,0.18190833657822914,0.49728615858141323,0.7806183421553468,0.003267794992664469
0.7802205061370546,1.0,0.14640358141346232,1.0,-0.39970929526833554,-0.42330419591459967,3.0802514982333014
-0.2608995543487955,0.04913525946929542,-1.0,-1.0,-0.5569168968515978,0.58452614873828,2.6375783090589913
-1.0,-1.0,-0.8226762712906033,-1.0,-0.11514169880784453,1.0,-3.101936718123482
-0.158031876307265,0.115966309838927,0.6636191023464325,0.3162635099002901,0.3538346966662491,1.0,0.7093368750153328
-0.20076195041053,-0.0938908568602308,0.3631270658084041,-0.8465959286090678,0.05337131230103276,0.39852204594071483,0.1355512184111779
1.0,1.0,0.09314764657396246,0.5758744301427892,-0.2847996695269361,1.0,4.193577544706293
1.0,0.3263269239902844,1.0,0.5562408389852762,-0.03261958872970927,0.47428506978797874,-1.8031588612578144
0.5696349802493232,0.3886015672942238,0.6214171127312158,0.4318629281113757,-0.01298405354705251,-0.5905647401460159,1.6842190998700546
-1.0,-1.0,0.7762562923781854,0.8876551253758267,-0.061135954946512305,0.6431696564356721,-1.8963695334131216
-0.01666604906808189,-1.0,-0.5725391900485739,-1.0,-0.09347104809179341,-1.0,4.939308690254856
-1.0,-1.0,-1.0,0.627675844758466,-0.22277340389569655,-1.0,1.4398099603265697
0.5681327001281427,1.0,1.0,1.0,-0.19075859421515307,0.1886370745750382,-3.0699011329911934
-0.22138421269255115,-1.0,-0.6443454461651137,0.0728290572718493,-1.0,-1.0,1.1995032927403253
-1.0,-1.0,-1.0,-1.0,0.9125687243386682,0.012969981585469081,-8.621440164581175
-1.0,-0.9735019502532039,-0.04869367464566765,-0.29352586476497544,-0.16423146574177283,-1.0,3.9961807328722525
-0.511190528937897,-0.613908202590586,0.9217602783927799,0.9060506050579045,0.5590481536278883,-0.931357099618756,1.7367864995646323
-1.0,0.07312127624184706,-1.0,-0.914488921812918,-1.0,-0.5430093926480926,-1.5279799664053626
1.0,0.7423993106697209,1.0,1.0,0.37149679369336175,0.7215425845198776,-5.904473069527436
-0.5724655149926561,-1.0,-0.41253565712101203,-0.29470505183641116,-0.9911438886065425,-0.8724700992640257,0.814848043943903
-0.15975432131381828,0.6389270284771456,0.6166513307051987,-1.0,-1.0,-0.14097866286240074,0.409109369605245
0.3761434754566858,-1.0,1.0,-0.2222840725274282,0.8096833761876702,0.5423482354474014,-0.8013440606437888
0.047553337705998566,-0.517243537022426,-0.6670941578348377,0.7557547359621124,-0.7282291885455919,-1.0,1.8902631493297135
-1.0,-1.0,0.2863282842586563,-0.5099256524874434,0.5729297654025947,0.08819448157522657,1.7608210601013843
-0.35674992127864735,-0.6448357351500881,-0.3861452056391659,-0.7719190725293295,0.40662855997212854,-0.7087815393748123,2.4683428809275765
0.852210326365735,-0.2085134784951363,0.08654622654357619,1.0,0.4565706310679387,1.0,2.2768531494288675
-0.6983408841714467,-0.2916293054014887,-1.0,0.8341049151945426,0.9121439886075806,-0.6981305536918337,0.08090935682033529
1.0,1.0,0.41778459676910074,1.0,-1.0,-0.9590286197184517,10.478600275642577
0.9351141471223053,0.8584662912528327,-0.3161245792253658,-0.2835853758628143,-0.47629534655122585,-0.5510580832790679,2.9499773901165165
-1.0,-0.09432913993718861,-0.03485233359740758,-1.0,-1.0,-1.0,1.3439321113569995
-1.0,-0.691645357474763,-0.029334484285361256,0.6368350983031247,-0.994019936680707,0.6198369980743854,-2.706860679411273
-0.05645196984307255,-0.015679036124416346,-1.0,-1.0,-0.3279946414376679,-0.09775079809809112,-1.8844485644390367
-0.6006183320978207,-0.6206187554902121,-0.4320042762110422,0.27139302224443196,-1.0,-0.09116748096860383,-1.438185982324954
0.603158480682576,-0.08438513615681215,0.041089820315589554,0.2117220596330083,-1.0,-0.40892339233636665,1.830753301974013
-0.614835329536767,1.0,0.1920880498606765,0.7768985508024006,0.30843836512967493,1.0,1.2383403280184893
-0.037080683194977926,-0.6238376672187109,-1.0,-1.0,-1.0,-1.0,4.383488667914667
-0.42754261606035404,0.11066047541132162,0.08499962757232044,-1.0,-1.0,-1.0,2.2908325760421393
0.05104237487597241,1.0,0.8701278497118292,0.239644275639884,0.1463775813524043,0.7637497530003887,-1.8171619205736256
0.018592140304837246,-0.46812377744916217,0.49002268934040394,0.33380721448812367,-0.7442226193045931,-0.576464312366859,1.59014906188005
-0.7658694872627332,0.9929761998591085,-0.30220056075948215,0.8540441012117468,1.0,0.03567132750806512,2.200573328559408
-0.18102714673328957,-0.368228264030616,-1.0,1.0,-0.2946734032740374,-0.5505605844924232,-1.698141401823676
-1.0,-1.0,-1.0,-1.0,1.0,0.5969665395081791,-6.67658083983427
0.18218896170044085,0.495729205548779,1.0,0.9611465721065802,-0.11012254358660212,-0.7492929429685989,0.6115018204273843
0.6956193513453585,-0.5966297264387654,-0.31626287679676607,-0.3852160904076388,1.0,-0.7732153938187216,0.3753779173412435
0.7503555585957543,0.1820165016408783,-0.32104797613396396,0.30006695315549303,-1.0,0.18267421717077542,2.0651420514532264
-1.0,-0.24628758066498813,0.11343200317202473,0.46323999189736226,0.5577560141245825,0.7050710185840505,1.925235785837744
0.2656666655523401,0.4727947235199015,0.8007804711369098,1.0,-0.7536032140054321,-0.898304981221917,2.8102774224125335
-1.0,0.05482651818586892,-0.7520138578258176,0.4916231375129515,0.2239345139625056,-0.304379133817987,-0.0820645056994175
-0.42658458987420655,-0.5706334932571069,-1.0,-0.2832180479405772,-0.8583052270226237,-1.0,1.9307128424326598
-0.6348311737696027,-1.0,-1.0,-1.0,-0.27719967663041134,-0.3359410043788077,-3.3857117078274035
1.0,0.7312538893495233,0.6907421948954766,0.30842233008368014,-0.9853636104787449,1.0,4.7231736870728565
0.8858622885417613,0.9356155101854122,1.0,0.737159656709505,0.28407853095140745,-0.17496384258300357,-2.0194405116815135
1.0,0.28702065513474034,0.2897983536252262,1.0,-1.0,-0.8346332948055734,6.8808375832002975
-1.0,-1.0,-1.0,-0.7973351387297412,-0.8218541784593971,0.5456896401429583,-4.134026225456082
0.17757782957351054,0.8171396014374904,1.0,0.7373687249728279,-1.0,-1.0,1.5411407026892328
-1.0,-0.5652263646515423,-1.0,-0.7481014837029032,-0.3722102190617622,-1.0,4.3733546637776755
-0.9072254523826875,-0.878780903346276,0.18247901595975055,-0.3672233197654725,1.0,-0.0325632087617187,3.2966281741712615
1.0,1.0,0.4588419562359216,1.0,0.156231124342788,-0.4582309672924698,0.9139466558014193
-1.0,0.1532288095475186,-1.0,-0.25410765954469494,1.0,0.762761902779002,4.877971101095111
-0.8306615932217627,0.32991214951588177,-0.8757687963181313,0.6855350294252329,-0.7477174319322446,-1.0,2.1844968866538768
-0.14140619372791724,-0.4336072881058959,0.04742329869621256,-0.9582191916947839,0.706887377293194,1.0,2.384290340420855
0.42776896926324626,0.9007388048921023,-0.05220303610579213,1.0,-0.36819439058254233,0.5147336982002181,2.175513108991697
1.0,-0.046772633587825685,0.6865186109588034,0.5629030885368511,-1.0,-0.06628535893003251,5.157447985423403
0.5051652500936321,0.8521366622366192,0.8212632600697792,1.0,0.712674040253428,-1.0,-1.8100776165225647
-0.5912951549167074,0.20467775487965434,0.5140842686923442,-1.0,0.18482615917145617,0.44875933800128287,-0.5760215322479707
0.8494062467027546,0.0473012516452152,0.09648503133656261,1.0,0.39635964076375235,-1.0,2.2336286156978424
0.9224072747692678,1.0,0.10714117518203858,-1.0,-0.8715165957698441,-0.980524999045322,8.171212304359756
-0.14029635642872618,-0.009422652081041538,-0.48850790157589974,0.6877359046345881,-0.8405318336567134,-0.13153217730390243,-0.9567089714974397
0.4042433714795862,-0.363081053800387,-1.0,-0.14561347040292794,-0.059178982497066046,-0.9236132767033454,3.1830672001220184
-0.9844589760638203,-1.0,-1.0,-0.15417668838849363,1.0,-0.7505887174388264,-0.6683208494088577
-0.42203861408897125,1.0,0.7691679603898105,0.44869000179826357,1.0,0.3703184013909029,-1.898419071703459
-0.3375507896310709,-0.07524509897495721,-0.2519576335719327,-0.31322906643049875,1.0,-1.0,3.342113437285508
0.6629108092427091,0.1849202554970064,0.33554847547777067,0.728307587254154,-1.0,-0.12571045338815834,1.835493688070741
-1.0,-1.0,-0.8913208115488295,-0.23664737206950326,-0.8129588672973754,0.9313431277667592,-0.5839100569980378
0.5403906218643483,-0.2886503752915184,0.668523644602379,-0.677055283980605,-0.5644195809658044,-0.7597186630146655,2.867016140387488
-0.18062973771915702,-0.09390661606645703,0.2713103000045054,-0.5626784179680111,0.34912231513927006,1.0,2.0379880589326063
0.9031162267361672,0.8492454148558721,0.900689446736834,0.11867921531280645,0.9377789806219857,1.0,-4.2477580175749585
-0.4855121320605325,-0.8543403574315502,0.03967882363905395,0.45354400480756324,-1.0,-0.8617570395045204,0.3887287578881756
1.0,0.598733658485183,1.0,0.7058225808035512,1.0,1.0,-6.977264196475313
0.34871512307289976,-0.46304560318178156,1.0,0.7386058296708837,-1.0,-0.15883654754291365,0.6333099811111057
0.7526345404498189,0.20176612327929266,-0.3784968182879779,0.6000258587291167,0.03283323707787697,-0.7321372983513036,1.5825192741042635
1.0,0.8857587110222911,0.7855190122412059,0.06755581338236283,-1.0,0.1357335855515699,1.8124890562718448
1.0,1.0,1.0,0.0055504372506556265,1.0,0.2809214358544626,-5.2765477730150865
0.9060650256349673,0.2208029451706981,0.4364444703952793,1.0,1.0,0.9233525272046152,-1.2461404422706241
0.2955458633822148,1.0,0.9520411743219519,0.2887651548765289,1.0,0.1474971436312429,-3.9888218031952305
-0.3286564967251937,-1.0,-1.0,0.36382881366334696,-0.16362219662309008,1.0,3.8788556305335344
1.0,1.0,0.05080522082908828,-0.11339244173002841,-0.8242637117405944,0.14627728706162002,2.35026154680684
-0.8903977083600468,-0.8313692777822241,0.08055203299180258,0.0004118379006876616,-0.9729853359831862,-0.2830358865164404,-0.6825125708472072
1.0,1.0,0.9032665447439467,0.19910898318900827,0.07759811265766392,1.0,-2.7367443067572834
1.0,0.9980760311399594,0.37779234111189,0.46091957222373225,1.0,0.35687020593230645,-3.0676346526358405
0.8929600251529342,1.0,1.0,0.4451687886790644,1.0,-0.0050422317787597315,-5.5928180641377025
-0.19081597877821688,-0.46077157168532334,0.3716004765444437,-0.8475701837532738,-0.3194337868048709,0.23786523949341537,-0.8179001844820746
-0.009947712019825583,0.7857048335957215,0.8266633177406062,0.7631052414096131,-0.4338457697801241,-1.0,2.679858259552568
1.0,-0.1284885296300109,0.01999331632821527,-0.06452087944911977,-1.0,-1.0,7.037818744179511
-1.0,-0.24607798270028347,-1.0,-1.0,-1.0,-0.5651711303836364,-0.5380777453307952
1.0,0.357473465783817,1.0,1.0,0.38359665618578476,0.01673401025950183,-2.119567632022353
0.42915285659425195,1.0,1.0,0.10615066914818572,1.0,0.6322029654597027,-2.7335989342809874
0.5458674829323071,-0.8877472092338741,0.5954444174950508,0.13104737493564556,-0.6958407064175364,0.11129226566969894,2.5023694368183387
-0.8239843460614801,0.6366739522180735,-0.8773873060725754,-0.844611600370041,0.8349867249865408,0.5396627853512068,4.2723762844140385
-0.4127505196224864,-1.0,-1.0,-1.0,0.16923039239139326,0.7426018077647787,-3.4394709243332473
-0.37776690387318923,-1.0,-0.5403927224866103,-0.33396697453515556,0.022424378446562532,-0.6739068518890334,0.7460954598901943
0.443613279947634,0.2769387533755433,0.6515198615524114,1.0,-1.0,-0.834779170909838,4.514914778558575
-0.8478104515712281,-1.0,-0.28763208484956637,-1.0,0.889915128202926,0.09107355274716356,0.3821792353698559
1.0,1.0,0.38515707260349497,0.2443788254363286,-0.9928349078106016,-1.0,6.070368939702018
-0.7434499273918551,-0.7819541438021874,-0.6000399076607688,0.9604885611490096,1.0,-1.0,1.086968133368074
-0.36736165843178537,1.0,-1.0,-1.0,1.0,1.0,15.162271379078756
-0.3229586837124718,0.7260913590230451,0.20844036786450149,1.0,1.0,-0.282221984394756,-0.4018207543183516
-0.09649451533241715,-0.3389921266297001,0.8608186328148613,-0.3754360589337127,-0.611409401501259,-1.0,2.703042986227009
-0.029620446560351232,-1.0,-1.0,-0.1105147343857995,-1.0,-0.8632228029700051,0.2007204500954599
0.0404434709081013,-0.665396574574443,1.0,0.009842847793570031,-0.1379823065772839,-0.2831152313212546,0.9064457963263198
-0.5461228309186947,1.0,-0.37870828962276604,1.0,-0.5021672719864558,0.42781869213813617,0.7042622076599905
1.0,0.7045051032579827,0.2978849735548301,-0.4888852055280063,0.623358447606283,-0.45183019755604886,-1.4499292526115952
1.0,0.6973214759841146,1.0,0.5501406647472673,-0.6754936270993053,0.8772550816898396,1.7610178001529182
-0.7538139044406607,0.5837653263758826,0.024723690411101118,0.9570767258068833,-0.9783538499606912,1.0,-1.228971901133722
-0.5917495916481019,-0.9963144497737242,-0.10382346387428959,-1.0,-1.0,-1.0,7.018844374373065
0.9066770858394121,-0.04129867214800911,0.32853969334880495,-0.36412447731399605,-0.18992014304397342,-1.0,4.211192742970274
-1.0,0.2765806640165585,-0.07459170139130866,-0.12820223555737997,-0.6368997075515703,-1.0,0.10232322902893892
1.0,-0.039762443345680853,0.04763281170235706,0.5300608562750199,-0.4115505904502641,-1.0,5.836866812023318
-0.15524443430721802,-1.0,-1.0,-0.8480513040974589,-1.0,-1.0,4.183122215459889
-0.5750260331122524,-1.0,1.0,0.007294412493398517,-1.0,0.26680048832777986,-0.937120845401255
0.16173943532959706,0.4723131280225216,-0.17038446569720406,-0.0748169383611752,1.0,1.0,3.84423465249326
-0.0001290907192929014,-0.22216104728572672,-0.756767243143107,0.11878526718888138,-0.21940870164373782,-1.0,3.060428450045702
-1.0,0.7760601465737128,-0.47296084434792585,-0.9386597367574201,0.343217962073611,0.2606452556050013,1.7468750422127692
-1.0,-0.610129805210059,-0.6867801466849455,-1.0,-0.44326097240294693,-1.0,2.937249710924128
0.493114623566713,0.4326214727061246,0.26196839134142824,1.0,-0.35145826621206805,-1.0,5.074320770787133
0.10580653068123724,0.047141509782099744,1.0,1.0,0.45475150886432325,0.31238738096641006,-2.4155757272323757
0.9979297709640597,0.44994405853491237,-0.4637364316946777,-0.607687291216942,1.0,1.0,1.2348622037375558
-1.0,-1.0,-0.7631022101803472,-0.20452607496729924,-0.9885266081440582,-1.0,-0.829577315245233
0.5656167486781802,-0.9229537344950927,1.0,-1.0,1.0,0.8581774313125942,-7.139892923313033
-1.0,-0.8530167244015817,-0.7994392710775253,-1.0,-0.6269933588899075,-0.654933758332036,0.9109470098458543
-1.0,-1.0,-0.3838279451362909,-0.39868317749705207,-1.0,-0.4672039143518216,-0.03972842857292069
-1.0,0.24829249109414425,-0.8470393013391806,-0.3513114320405406,0.789066956480051,-0.20835649242144189,0.49933757947990776
-0.12942350313993564,1.0,-0.712887584861455,-0.2656108001086762,-0.39892831255234107,0.10855094998702874,2.148895246710975
0.7508732394927427,-0.1592840599991418,-1.0,-0.7055489382676896,0.2941970099910013,0.27765669782269947,-1.0492083965716539
0.5084229853955391,0.5529050955439081,1.0,1.0,0.727909112622113,-0.5327102473036565,-1.970935586865223
-1.0,-1.0,-1.0,-0.40615552766874075,-0.8543644408532254,0.737730244486041,-2.5029936246526647
0.4429081267482383,0.47933767262393395,1.0,1.0,0.6695974439539829,-1.0,-1.3105423456320267
-1.0,0.926424736379343,-1.0,-0.6088182571119023,0.08849386607925347,-1.0,6.727813177456902
0.18609946040041553,0.16090827816123301,0.6752688150795556,-0.42631485080436415,-0.339938441769964,-0.12741901685921497,1.00715269631802
-0.7141567261466543,1.0,0.07252024423093822,0.6847984918798686,1.0,-0.1959980126341383,1.3062516215381517
0.26138370289955365,0.9554474273722532,-0.9310789792350889,1.0,-1.0,-0.3515701443492897,4.081619455317091
-1.0,-0.331638693794699,-0.40298430549124964,-1.0,-0.8014895490333719,0.3125696058454316,-1.0422668650299323
-0.14660591124235584,0.16031439972078174,-0.31284337737571816,-0.634131452129604,0.5746950682960335,0.8165564779107615,2.435225593632654
-1.0,0.3191784760003996,-1.0,0.13872893899644095,0.414532844297119,-0.19898163338095132,0.02503806090565952
-0.015701948180197656,-0.8848885041750172,-0.2415956115557798,-1.0,1.0,0.8216767798394999,0.671102584476703
-0.8575273119798096,-0.32333061194876184,-0.36550017630294707,0.4907942935352813,0.30899310929143287,-0.9789232021657135,3.045633298403383
0.024042581656662974,1.0,0.7596732727028526,-0.04045378297346569,-0.004946201602330502,-0.2095622217843716,-2.2747281712742597
-0.6650450452696259,-1.0,0.026353393126729963,-0.7356007214821578,0.05394056939831271,0.6307048778249664,-1.2878292024923925
-0.06396608565089512,0.002494320780714071,-1.0,-0.3752714451910272,-0.7746734395704329,-0.5462516022370343,-0.27095065523964196
1.0,0.39070468779436696,1.0,0.8211083941657611,-0.0005403935678355426,1.0,-2.8793929605307613
0.6632049909331348,0.4703104899008018,-0.29669502156682764,-0.8804812855959727,0.004454699543129104,-0.944799445896449,1.7882379176478864
0.9348486259276791,-0.1073890363049737,-1.0,0.9027564145005065,0.6014229532643804,-0.47900006717654414,-2.5591911680519415
-0.41058050849471556,-0.49576369493512795,-0.3499835659635492,-0.015534132332855943,-1.0,-1.0,0.15769392336019117
-0.39320810928022576,0.20678056696282945,-0.43308948947512294,-1.0,-1.0,-1.0,-0.1723072210267359
-0.16390396220837455,-0.7471181171029517,-0.1624374866807623,1.0,1.0,-0.057236021104208,-0.09799036387355459
0.279359562218495,1.0,0.8764130738042677,0.09218743630377024,-0.7031215666504015,-0.9295666235833628,-0.6054348513878852
1.0,0.4103498670573942,1.0,0.16714082445045375,0.3668036432812773,0.3879836420375651,-1.6095039347007307
1.0,0.0458515920880964,-0.34293004389990767,1.0,-1.0,-0.5727649339356331,3.962827714165908
0.590472322841976,0.4735779132700906,0.5648148161744312,1.0,-0.5924135432590871,-0.07214046154033849,1.8719189796912445
0.6504550156284704,0.8151604407187569,1.0,0.46623284522750474,-1.0,-0.1144501402604734,1.3560972749069324
-0.030035750965169992,-1.0,0.17448753976026588,-0.6437885932111077,-1.0,-0.16827394500339565,4.3101721263555435
-1.0,0.13798037353363984,-0.036872705875961365,-0.3714469818160148,-0.13765757680186289,0.6212626903986472,0.44969325696075524
1.0,0.8634912190051511,0.729339532345092,-0.015916661817776512,0.31848409528413796,-0.19320426309940375,-1.8977816849191447
1.0,0.37880348738777125,0.27019323087964997,0.5699408368883574,1.0,0.7404150505483986,-1.1251549939567131
-1.0,-1.0,-0.4719422652292537,-0.541297275250681,-0.7140486062701178,0.04338106844425893,-2.8320156972267716
-0.343840325206182,-1.0,-1.0,-1.0,-0.7188936348201735,-0.9080010997777727,3.553277971523713
0.9292407328305461,0.937121650992411,1.0,1.0,0.2367213783717308,1.0,-6.106327427631099
0.5310634745920453,-0.964189560603144,1.0,0.454919560667005,-0.6141035359367021,0.31422802695107627,3.0987898373304934
-1.0,-1.0,-0.20535277795437512,-1.0,0.0831657117168651,1.0,-4.051998839879061
0.19601403560438668,-1.0,0.1916140536358687,-0.6522728705167538,1.0,0.011535874175107957,0.04710670138668632
-1.0,-1.0,-1.0,-0.7611221101370442,1.0,1.0,0.9483400289632027
-0.12832278351927695,-1.0,-0.42645650819168185,-1.0,-0.28943972013878394,-0.4238036165315542,1.117786419083888
-1.0,0.5074059101126717,-0.4539793232592611,1.0,-1.0,-0.42897639303339496,-0.49298005734987904
0.005092038087892936,0.2776752214096079,0.2947915123012332,0.2980595271258753,1.0,-0.6278386134908497,1.7758604321717133
0.7820498900188326,1.0,0.43685163054195497,0.9525642787803603,1.0,-0.704301569334241,-1.37002265534287
-1.0,-1.0,0.2221165210096876,-0.7498539545276999,-1.0,-1.0,5.939905282323334
0.7822725081844059,0.26182697228999197,-0.19255529059202792,0.08608160888438898,-0.3143139838529794,-0.1709710538218262,0.7127376810889137
1.0,-0.7745323826377021,0.7367608202505385,-0.5423725940855977,-0.18809128094887817,-1.0,9.009060903640446
-0.8137434648685549,-1.0,-0.9866413144368331,-0.8974384922224725,-0.8684557730675004,-0.9794548510880321,3.1738277342568235
1.0,0.4254915506435427,1.0,0.8227346089075416,-1.0,0.27672858312665116,3.5930258092266802
-1.0,-1.0,-0.04535085777483583,-1.0,0.7926189781979109,-0.7891309807165594,5.556654193582765
-1.0,-1.0,-0.4138234179318956,-1.0,-0.733024563536368,-1.0,4.673643035081872
-0.3470227664667269,0.03547291680478554,0.023391092042298,0.1167893766346556,0.8741551857204688,1.0,3.9601360809507624
0.5198888582243717,0.2816284903506838,1.0,1.0,-0.5403574691008894,-0.6156916992393558,1.4612701217761892
0.2324662164171607,0.8143141037599284,-1.0,-0.5484244671122332,0.7698608743607755,-0.12361740554088319,0.5646751310036531
0.24258100724108211,-0.3895074534855649,-0.483107661384103,-0.9035621003279399,-0.6755260909274723,-1.0,4.206816326300812
-0.1105093963482453,-0.7946401190653388,-1.0,-1.0,-1.0,-0.045911624974306314,1.3685507176454508
-0.4416516175639007,-0.9797447508225798,0.49367341933773146,-0.4776728812983959,-0.9316845768150341,0.04054173648896153,0.8141198384470124
-0.9697926384086104,-0.18780243759561,-0.6860934251968136,-0.04709857002415324,0.928002226187935,0.5685576345830454,1.902214654440473
-0.42738407838958126,0.33058742191426616,-0.9937162922400089,-1.0,-0.6635088904691847,-1.0,0.4546173745067807
-0.4721208533678143,-0.00402830373810531,-1.0,-0.3939414398430565,-1.0,-0.9256207799684606,0.632379560105018
-0.3653234842017381,-1.0,-1.0,-0.8132993866172386,-1.0,-1.0,4.122940645491907
-0.35685961369028374,-1.0,-0.47099430703545586,-1.0,-0.9425549417489218,-1.0,5.639938886492046
-0.47343947287794574,-0.21362934489777302,0.35197194078208816,-0.8581316805726769,1.0,-0.37522795650604324,3.396475224429469
-1.0,-0.7733491753413323,-1.0,-0.6096500353809071,-1.0,-1.0,2.789259635999777
-1.0,-1.0,-0.12700526146836721,-0.3705920066884507,1.0,0.5793727967621857,2.4010893600923224
0.8870783181375893,0.876659810234532,1.0,1.0,-0.7126655493973927,-0.18998630288912766,2.0833320505215
-0.3261112519322278,-1.0,-0.5555715036528152,0.391132703276353,-0.016108829184380058,-0.09391147148724288,-2.0911034997906395
-0.020222739046105165,-0.03208283473010198,-0.4037985418957406,-0.09869479537374876,0.4181232512984845,0.5248951091907865,1.2951939306024034
0.26032879063983994,-1.0,-0.092903161710016,0.7399138846088418,-1.0,-0.6226654427973873,4.392299589083912
0.2940695492674028,0.05715906218786948,0.7088140531637985,0.2182939162853877,-0.018063831972714772,-1.0,3.608810369725529
-0.35174493820328356,0.4007636138081771,0.017400344392661082,-0.11792051842108431,0.3002376520507497,0.37344665951553424,0.8545881991614992
-1.0,0.10059553115323877,-0.9096510976947509,-1.0,-0.35805559701575584,-0.589833560813356,0.1994211484183135
-0.07795014020503299,0.6839324217205797,0.19465906181204928,1.0,-0.5233993458698099,-0.6024395362749788,1.2719398681047063
0.35445484741151523,1.0,0.9893458930866015,0.7675399476670569,-0.16882515341907878,-0.8367127974915456,0.3046610856201525
0.12579823371698506,-0.9035482275139786,-1.0,-1.0,0.02399613819696353,-0.3198881662414733,-2.8312324111536804
-0.654010421651195,-1.0,-0.017953326102946754,-0.6804048231484808,-0.8967231283016321,-0.29705890017659353,2.6378459990321033
0.5238436501182641,0.6062566877171582,-0.25324555582799735,0.936187526569373,0.07453211161925022,-0.1372143590820729,0.3648422145236895
0.04511746399271567,1.0,0.8168203481056854,-0.04106710830994109,1.0,0.17141124300863828,-2.0582797635427994
-0.8406914578547257,0.22355215239682075,0.3448600644112212,1.0,0.4055765337678966,-0.8207035855884742,2.0622440364810184
0.66254126478536,-0.05674227305752072,-0.246813873196302,-0.6190998172289504,-0.253459554453761,-1.0,3.625505008290539
-0.14357230458729492,-1.0,-0.11854298367194555,-0.6248163827066308,-0.5844208079484794,-1.0,5.29847299314023
0.8828284785681555,-0.37994461250635064,-1.0,-0.9427296015512543,0.04874572909328537,-0.6101387557164919,0.06931070234896813
-0.7481559096554233,-0.7181398288287084,-0.9567762913553022,-1.0,-1.0,-1.0,3.6997003685011687
1.0,0.23734290491457816,0.7648193808252368,-0.07454642330025024,1.0,-0.8964992789832346,-0.6885079585355054
1.0,0.6452922044788598,0.23778467076148838,0.7251246860805908,-1.0,1.0,6.299351356745158
-0.030549126353991818,0.960000664581096,0.3648645151895531,-0.37296843150276193,1.0,1.0,5.192074784025763
-1.0,-0.6937452239951525,-0.4163234115177118,-1.0,-0.48798880621292784,0.29105353327736416,-1.6523570867654174
-0.1495032626087296,-0.029606244352087807,0.7898943868304285,1.0,-1.0,0.577159664641992,-1.1574033672660564
0.603923685310245,1.0,1.0,0.708228357712938,0.5567276324107766,-0.7108766980780495,-2.9902373988690343
-1.0,0.8758896610399324,0.3834163815444642,-0.9407569558336374,-0.8309897505311183,-0.10867586277328312,-1.837614751458449
0.25784066645955905,0.0042384509133327475,-0.7340443691026632,-1.0,-0.9339971958195504,-0.5719275675247366,0.8636264858153199
0.860792792941413,1.0,1.0,0.4702719622222602,0.2206853032518321,-0.869340649646651,-0.7845745066979805
-0.11959253301130768,-1.0,-1.0,-0.4199632695420765,-1.0,-0.5367998835547672,-1.4688535733153114
0.7871139470647536,-0.6017672291655534,1.0,0.004059480900676871,0.1542226587631329,-0.005896329543716272,0.06985961762942045
-0.8796158627664106,-0.14035681011152656,0.9209205648956769,-0.19274036322575938,-0.9234616107239662,-0.0758975235758621,-2.845587006525299
0.10220988016153597,-1.0,-1.0,0.036383883841383136,-0.6035839529935341,-0.2654149542266999,-2.333141833618935
1.0,1.0,-0.30880222913257027,0.26445839379803265,0.1788052024794582,1.0,4.091819242164267
0.47552606093378236,0.09176080836147582,0.9201432238240379,0.9178676060491548,0.8444976788346864,1.0,-2.3866541367069924
-0.8628667192021265,-1.0,-0.6861069391641914,0.21202555800567402,1.0,-1.0,2.976300512287978
0.40763974694872496,0.5197527740084771,0.7555820086679155,0.3656303045104515,-1.0,-1.0,2.690781175133958
-0.18757817439972024,0.10766482577944703,-1.0,-1.0,-0.4459084018710758,0.6913276791786052,2.233782469161339
-0.514008433765264,-1.0,-1.0,-1.0,-0.5185754088235107,-0.5579225538299803,-1.43948302382841
-0.030908226385694015,0.1020455743650931,-0.6139022020926014,1.0,-0.3457008047206242,0.04562391810491684,-0.373275465795151
-0.013339512282601537,-0.1677688246570348,0.417547547832347,0.01690835968066673,-1.0,-0.31896286811414276,-0.3844630444289287
0.774245997226958,-0.6902969124094763,0.891578835510523,-1.0,-1.0,-0.9320411410294054,11.400704745741413
0.11494085306951951,-0.5135537923317858,-0.3974921362201951,-1.0,-0.7534576831606685,-1.0,4.812837036413025
0.2942400258702764,-0.7273504313620808,-0.022777044764687282,-0.2167169815149188,0.5342896066045173,-0.5468929769493769,1.8934693576659134
0.9145672595910688,-0.4491197143829434,0.5439213946176332,0.2954906233364314,-1.0,0.07936370169038631,3.0684770362013913
-0.5857780507853338,-0.763568443572556,-0.49375011771819044,0.632547211837901,1.0,-0.3895605311521009,0.7381384954255692
-0.1700450249468728,-0.7331456317989612,-1.0,0.037050144956898595,0.09394636990714655,-0.20964879404269798,-0.8858236298037973
-0.44326134238962095,0.08619932353046433,0.7954730072224134,1.0,0.5931064687097767,-0.6215920399894947,0.947826167669518
-0.838740700942483,-1.0,-1.0,-1.0,-0.08589650577113767,0.40909920053212795,-6.143136846208741
0.4608186126711444,0.12747945920986303,0.6593655516168725,0.4987647233062684,0.18786887890876958,-1.0,3.386649737678873
1.0,1.0,1.0,0.06309741490740461,0.10536112986652468,1.0,-3.54089770275787
1.0,0.6346461370832125,0.10685979116381317,1.0,-0.5489232667688086,-1.0,8.475528336945645
-0.6180737997531216,0.6834010287787964,1.0,-0.5227026105179842,-1.0,1.0,-1.5407774287517384
-0.13176283877929268,-1.0,-0.3412765486651107,-0.18908034286247263,1.0,1.0,2.525642630349793
-1.0,-0.35391029823467424,-1.0,-1.0,-0.3257334234256062,-0.5293064007347396,-0.33138129655205795
-0.9549712135138885,0.1775760837755785,-0.3623633044665068,-0.10120235598136995,-1.0,-0.5352160629101224,-2.127072420868573
-0.05472814747040455,0.5497373701284912,0.6095845751847818,-0.3123567419997966,0.5030554298296905,1.0,1.8174027005176097
0.45044375033931894,1.0,0.13640155198921494,-0.4271378687561811,-1.0,-0.5427325547271454,1.5898973081979395
-0.1581131361003668,0.4554136714053953,-0.763430030163589,-1.0,0.2517274477972615,1.0,6.553292996093833
-1.0,-0.31708413826255577,-1.0,-1.0,0.5075498331454829,0.589126933978807,0.4836000678586819
0.4436966158144335,0.4499204368207826,0.2395175131245526,0.7140294401051793,1.0,1.0,2.6075585818921483
-1.0,-0.34810376802732335,-0.8246304347580358,-1.0,1.0,1.0,6.550420537363862
-0.5204561084803208,-1.0,-1.0,-1.0,-0.14987626032620005,-1.0,2.1580650993801807
1.0,0.18040455339765746,-0.03500291593737759,1.0,-1.0,-1.0,8.099731299991177
0.3434453731092204,0.07929706790784818,-0.19943447329886854,-0.7042953735865243,-0.5962959104638159,-0.053710891755129886,1.0449894570580414
-0.4596752573200676,1.0,-0.3665703675610762,1.0,-1.0,-0.9420926027166527,4.231449368101058
0.08542994597408238,-1.0,-0.3634519562034567,-0.8218046281388169,-0.7592626680736917,0.142023104897889,1.9113444144528902
1.0,-0.13081648197357443,1.0,0.5520408978728504,0.5293107648093712,-1.0,-0.3078463958763515
1.0,0.4867934257688771,1.0,0.715090606261539,-0.7093178264822175,-0.3303420273698039,4.4998622953064595
0.5343732186433999,1.0,1.0,1.0,0.223501554154935,-0.46088924613477067,-2.3398659230259593
1.0,0.6292916821559293,0.18714697108472172,0.03205297098627791,0.062005036207387385,0.7638477554592563,0.06895231376627908
-0.8751270709615689,-0.08532154128978375,0.00472010966881331,-0.7734553777109633,-0.6920484418344498,0.6253548661040873,-0.9670700734569442
0.05457103711976252,1.0,0.8717064206544756,1.0,-0.01670417173128587,-0.7864241192627011,-1.1200698512290153
-1.0,-0.7169851042867608,-0.9888092023305812,-0.153061253469021,0.2113757826418987,-0.17225130804055877,-1.5648149452904176
0.9768577381117343,1.0,0.5469176514002239,0.2071937114479271,-0.3925384749549055,0.20925679367362826,-0.5972089597055068
0.20296524958517065,1.0,-0.1883218902215105,0.6155232305646613,-0.23373175631341458,0.3973822070240822,1.9479095026979356
-1.0,-0.746313403004925,-1.0,-0.8348634542125872,-0.8784372210494782,-0.9453207050830756,2.0840908108630813
0.6497461911146614,-0.33850241509463685,0.1766849067418811,-0.3686839556738724,0.6084372125369075,0.5849765263144444,-1.078194791989651
1.0,0.6274407279935481,-0.1604903397521648,0.20999552052046777,-0.40457520382595136,-1.0,5.320185853655453
-0.7375196030204811,-1.0,-0.14446625730382723,-0.9638527327160673,-1.0,-0.35595651893080954,3.797256489128149
0.11462775052649066,1.0,0.39676501961159605,0.203244549266758,-0.11670102617920619,1.0,3.0440913852151588
-0.3255786351317473,-0.17921460024296448,-0.31857285799968016,0.4811179881931307,-0.7497085733028821,-0.04453423406198065,-2.0618529125854534
-0.06466340712156887,1.0,-0.6849909329974041,0.07613914983848555,0.8032874120946322,-1.0,3.0022532230288537
0.19083579719673063,0.3812689725204186,-0.8949778025802688,0.30273902838314426,-0.8895385042788593,-0.8585366480431726,0.5737026767955731
1.0,1.0,0.8602383932915358,0.18074270705244744,0.30789945120781087,-0.7070536817945536,-1.6586784941218924
1.0,0.5040851040540069,1.0,1.0,-0.08676044910129604,0.026007818305496477,-0.24490599858438108
0.4361531673863343,0.16220062731588314,0.31225684042350077,0.8967732607211626,0.5724475877759907,0.07251211894291132,0.7735337327170645
-0.09821122871785809,0.007704892317969336,0.38152295247237245,0.5826051192727711,-0.15611230707970258,-1.0,2.997126356245325
-0.6277208769985986,-0.39584634937902463,0.6164433883051255,0.0854742868604707,0.7670050297027053,0.2800991222009437,0.3685874297228341
-1.0,-0.9996360661543665,0.34683310600658124,-0.23806233678389865,-1.0,-1.0,2.748283912536838
-0.2519786237666954,0.10867164171095012,-1.0,-0.6055898001126288,-1.0,0.1632919830622797,-0.8274459704396775
-1.0,-1.0,-0.06612349273946162,-0.17530878283668017,0.039158928216676325,0.9034713722674041,-1.5469835566425822
-1.0,-1.0,-1.0,-0.5214699272008669,-1.0,-0.10905913622200382,-5.2588237988159365
0.3415210556817986,1.0,1.0,0.5385332850092098,0.39076215223498,-0.8447763248499056,-1.9093538949018507
0.8455487944401088,1.0,0.6464902724156458,0.45666721650731157,-1.0,-0.8115495937876427,4.046599599377503
0.2737416352476618,-0.1208091563847694,0.6842103311683483,-0.238209091905495,-0.8231513539487096,0.4888569056997774,0.6968144528964769
0.13898114954299534,1.0,1.0,0.5679074032901559,0.5684369124537394,-0.41632344447926417,-3.2618084774662823
-0.7546371657103881,-1.0,-0.4374361458455217,-0.1618500806084373,-0.6369993465256409,0.0814130340456043,-1.4197996923309253
-0.14059944403479208,1.0,-0.4080306647481179,0.4424963377016261,-0.36625332492745244,-0.6284187944479909,1.0086555729516866
-0.0764210215751776,-0.3293134040844496,0.7172076220090331,-0.8750310200717278,-0.6107967398951994,0.920141785527693,-0.40040622586289903
-0.8112822661045416,-0.06635054808355201,-0.9981238474240621,-1.0,-1.0,0.9923339049783253,6.638251498148895
-1.0,-0.05918553103585289,-1.0,-1.0,0.09354110353989836,1.0,6.1394614785452815
-0.34989571343240866,-0.4046856756994462,-1.0,-0.15209421933311254,-0.10460774183156751,0.13357104625903182,0.03538546952544813
-0.6275404862196512,-1.0,-0.34639732990340666,0.506564836306307,-0.15631719455365212,-1.0,1.6593083617187705
-0.34898397637355466,-0.9951940849736148,0.2600540560991861,-0.5015049665245676,-0.21473079563680564,0.7797117660637767,-1.0876263201285408
0.7752543663549423,-0.1975795405756126,-0.7550740208193523,-0.536297964991282,-0.24634843189237843,-0.6824706990542253,2.1876030425543123
1.0,1.0,0.5203701131272536,0.021540081665400335,0.8029494057674464,-0.6094865620235018,-2.4681110471320507
-0.17153502713048652,-0.4196044484949246,-1.0,-1.0,-1.0,-0.3470684079448252,0.3784155280741052
-0.950835558009307,-0.2858034866002366,0.07148187380626472,-0.6480387753277445,1.0,0.8878434322315876,4.9596497257830405
-0.4069338152335953,-0.696995378570231,0.5805106769434968,0.7244602617353277,-1.0,-0.5209507931362289,-0.12324616702638136
-0.7948311715152178,-0.5449842835855035,0.6536867255905819,0.28627387980908514,-0.80208624429236,-0.3752766049889135,-0.06202685343416425
-0.7959515115789346,-0.6014566900659362,-0.6066764842242346,0.08239882484379735,0.9396646456238863,1.0,5.160750149842071
1.0,0.7597729690117017,1.0,1.0,0.06373288375598096,-0.9391711377826127,2.287440438328403
-1.0,-1.0,-1.0,-1.0,1.0,0.40384058144565493,-6.645752893136681
1.0,0.15846238832327653,0.12865790907873942,0.039506241121671115,-0.2352440266305243,0.2344481998157842,0.3094424513231633
0.3597523504577089,0.3525258337908421,-0.0007095184391933129,-0.34964291121567115,-0.3419636916500758,1.0,4.104389492442989
-0.7292579388527768,0.31136908203111446,-0.37277665770701685,-0.8282891297724841,-0.4863261853901588,-1.0,1.0176141189841554
-0.3487849651641344,-0.08966092049636754,-1.0,-1.0,1.0,0.6314806544594824,2.496946296554473
0.7026708880491896,-1.0,-0.676101821489912,-1.0,-1.0,-0.5771754211834721,9.139321873323247
-1.0,-1.0,-1.0,-1.0,0.5175829453152955,0.9141417400125335,-4.509717893001322
-0.2732175539824871,0.2792270186688668,0.37743690851090117,0.9073509743050875,0.861882738544536,0.1440777424724383,2.319453863658852
1.0,0.18183734861043205,-0.8486502773806277,-0.09379425192729762,-0.6351631764898726,-0.3276349926571205,3.0448514627276078
0.25206995076596117,-0.08123983196835038,-0.7381788469001822,0.35709795732294536,-0.620401740158441,-0.1262367439687624,0.5185975389199953
-0.7723720768911196,0.10041572681288574,0.5255072817982875,-0.778142842549466,0.8296988585819456,0.1782287582569677,2.2067359632270205
-0.045466788338901276,0.005200626470134084,0.7725052567253703,1.0,0.49097475688505976,-0.3876021761699369,0.5209732582342598
-0.3915038399672537,-0.46082625207657457,0.7053939059206187,0.5247520377098945,-1.0,0.5993139135278258,-1.5955353542190795
0.4001064006679904,1.0,0.7983485062648858,1.0,-0.04211217760816954,0.27861513739519017,-2.5895875326099986
-0.11896438682584887,-0.14664124817576527,-1.0,0.6803007060678588,1.0,0.02308816176063977,-0.9299009787316022
1.0,0.7003478329789253,1.0,0.6310440005664477,-0.8950256275070729,-0.789894005898842,6.232490628207319
-0.8008992258085068,-1.0,-0.17608070852776248,0.15711332514045817,1.0,0.12608297417327008,1.6794709739544276
0.3945213272988437,-0.4191010515338316,-0.36598497251215284,1.0,-0.37070456202516144,-1.0,3.255758239984373
1.0,0.9963900624566063,0.8309035308356061,0.015536137608230693,-0.1028685883747793,-0.8685201260295444,1.5543986447783462
-0.08563885075055788,-1.0,-0.5188208423726544,-1.0,-0.492184286979781,-0.9744129434381105,3.8632649414045606
0.7083838011534481,0.6593081682490022,0.1701079696700595,0.1463888197416806,-1.0,-1.0,4.4192879489370025
-0.8492384568690012,-0.4372171796798573,-0.9341907115994309,0.4046802228729295,0.17906105974274342,-1.0,5.5234109851982245
-1.0,0.31724838748812134,0.3645799011813804,-0.945889663697147,1.0,0.19998761080537752,3.96334166008576
-0.37605209528304107,-0.26397599340559996,-0.17410654463008374,-0.8394503370037312,-0.24022147393230353,0.6129061932183031,0.372653577124387
1.0,0.3699731087312146,1.0,1.0,-1.0,-1.0,9.33942759473804
-0.7296001839824139,-0.5611577276169014,0.19756770989152078,-0.7826109191302404,0.07232553570043637,0.02654346326067103,-0.35398732757178386
0.5293871998439451,-1.0,0.30823615832448126,-0.5155985801564043,-0.666988995544235,0.7046124940646445,3.1889283956268932
-1.0,-1.0,0.8559701454798061,-1.0,-1.0,-1.0,6.8803732032532166
0.13415729738244564,0.3844448936560192,-1.0,-1.0,0.22073065401468128,0.343366236467651,0.16245789617322845
0.30466763341563297,0.1733009946903693,0.032455814163026425,-0.4460403768425987,-0.6018976667637177,-0.24029844955974844,0.028729193718118884
0.5600643324678254,0.832466438457675,0.34293483086836063,1.0,-1.0,1.0,5.248291737230977
0.6263720666090793,0.21497138067383692,1.0,-0.24293602903546394,-0.165060648594128,-0.9073397813736384,3.339273984200576
1.0,0.7252081588717603,0.4609752725169142,0.4181458628079344,-1.0,-0.9884299537946603,6.975313898504756
-0.10960098062991447,-0.30987649218579333,-0.5943154255270776,0.12390831037521788,-0.5123481058684886,-0.90802659990786,1.321136023703858
0.28647216546613924,-0.3839081137369446,0.19529230459078212,-0.5196845775019504,0.044720936669826794,-0.8428265085612416,2.58653498225976
-0.0984094476825016,1.0,0.9426219883348469,0.47039612320533475,1.0,-0.8280140947442423,-3.301511797456497
-1.0,-0.44038358912159287,0.43203841276537214,-1.0,-0.1503114611748601,-1.0,3.9864477417331767
1.0,0.6762974311899075,0.9572227323230327,1.0,1.0,-0.8377273454682571,-3.753115856701794
0.17488610033907864,0.7447128613406158,-0.3531015485814496,0.1106101226345867,-1.0,0.31908376029032537,0.5583209569894336
0.5477569571405214,1.0,0.09268581003308068,1.0,-1.0,-1.0,8.242738570870692
0.14840751350268222,-0.4609249248355425,0.532729118109538,-0.42877078631548665,-0.4458303009551592,-1.0,4.4756275167325414
0.36996928300757004,0.6849318783705041,1.0,-0.6470478845098553,-1.0,-1.0,-0.5754827118795405
0.42936839121496667,-0.10585239877872665,-1.0,-0.7013562169811657,0.05099640303631425,0.4316696288831927,0.5191481391530235
-0.5949649530352221,-0.2054461622138095,0.11392786381501774,-0.894736346994436,-0.9662697510597125,0.13443145614467458,0.5821543373133653
-0.07092989891658086,0.47667560903230466,0.15645766061991795,0.8632266095847528,-0.17089601280324485,-0.6960732699203769,1.562642544828608
-1.0,-1.0,-0.916157486772791,0.6789740765554604,0.9060949113393966,1.0,4.65082096958049
0.7318507514910011,-0.017477173539439173,1.0,0.6683612334594403,1.0,1.0,-4.74229954270358
-0.9408869931957627,0.3551309562938053,-0.8049193961297743,-1.0,-0.6492953076336658,-0.3720007615928853,-2.2771025010821058
-0.2925680755095148,-0.6377857652782473,-0.7178211082088735,0.018518175507208662,0.5175634902027599,0.07544464138588369,-0.39045637994845966
0.8741812527149481,-0.16296005821982862,-0.31362475082382535,1.0,-0.7341005508203873,-1.0,6.342581007453759
0.04861294464690624,-0.7059372067926517,-1.0,-1.0,0.770747705049625,1.0,1.771357123107915
-0.25954706423354357,-1.0,0.4369801334302744,-0.28564299508354557,0.06422247891670185,-1.0,6.466513136300244
1.0,-0.6617191579474396,-0.4940222772301104,0.31108323348945893,-1.0,-1.0,6.752111090878154
0.07900367077272064,-0.632611307027543,0.0527288965911548,-0.15469428426222137,1.0,0.07381379893562212,0.6945214392179981
0.5334905076371461,1.0,1.0,1.0,-1.0,-1.0,4.485160907063608
1.0,0.8767409781209528,1.0,0.6741503684009567,-0.20841898257903635,1.0,-2.417010143304422
-1.0,-1.0,-1.0,-1.0,-0.980259341869389,-0.2362629794248272,-2.3605579899886746
-1.0,-1.0,0.14872739160348536,-1.0,0.2703736730162882,0.4588301227572911,-1.7525179533735922
1.0,1.0,1.0,1.0,0.600870284553749,1.0,-9.051606674476842
0.07364793155049898,0.2108079365698341,0.6430134233887257,-0.25649573636712647,0.0695650402904153,-1.0,3.715246936508102
-1.0,-0.16367320350560943,-0.8826788677646908,-0.3999061987035242,-1.0,-1.0,0.78279019783974
-0.6557566468882969,-0.7673007128999224,-1.0,-0.560393576668792,0.6653432472256583,1.0,4.019795844152274
0.8575585880061416,1.0,0.7726384731617659,0.5206311876425855,0.3860068691360185,0.41888955562078567,-4.173468475408024
-1.0,-0.34133633539893893,-0.9769379768856757,-1.0,0.35719533923327035,0.11930638958815568,-2.308135618398335
-1.0,0.22622579855751612,-0.15302999706935877,-0.5227403557576231,0.22923283498160507,0.3693545872083268,1.0519544385393904
-0.4395249194841117,1.0,0.7911515333930007,-0.02273961649534878,-1.0,1.0,-2.358462865348355
1.0,1.0,1.0,0.1520556467193785,-1.0,0.006951284500477495,1.619622545356557
-1.0,-0.2713718122197495,-0.741147744201466,-0.6533679014581286,1.0,0.16373973797803326,0.29655478779082545
0.04248653963795557,-0.43073249420222304,1.0,-1.0,-0.2681136421165137,0.14682234255523952,-1.5355470210621782
-0.09414184056733332,-1.0,-0.3695981264025108,-0.7727082960574994,-0.4181244128308439,-0.0010873452519188365,0.05383353427459231
-0.23537421532026065,0.0835358598690239,1.0,0.7661466218241498,-0.632036290402749,0.3651706513501245,-0.2920563996635479
0.6761802877996976,-0.5989513257426116,-0.024704393375153066,1.0,0.825966888502365,0.19760683783893243,-1.9298328249787455
0.5573154380352453,0.16130123312382122,-0.4291555482578874,0.9166521185277314,-0.3313774853011552,-0.8042245845075415,1.6444067818318193
-0.17284988554350122,-0.1928394450890612,-0.7855416487531247,-0.5308480938391831,0.39992181486199757,1.0,5.669597979516622
0.11577275561435639,-0.5105878494770808,-1.0,0.9317468666103819,-0.06211991880865525,-1.0,2.0200036791071705
-0.7455647234440853,-0.017409884820676513,0.7231982423498086,1.0,-1.0,0.36809341447005595,-2.723096972332796
-0.7931655160317735,-1.0,-0.12220257835713755,-0.803598734836666,1.0,0.01689393019884311,2.3909194513688083
-0.3835752037520932,-0.4410758466929261,0.4236827056446154,-0.5612990238594331,0.16675673469097885,0.4224862714862141,-0.5071982268199621
0.0606217893663695,0.11865165966387677,0.794254222796866,-0.23142594510658676,-1.0,-1.0,1.047680786640468
-1.0,-1.0,-0.624120509125027,-1.0,-0.3894035031102352,0.711241834863237,-2.7228461846536245
-0.5242228793485466,-0.5281541839544649,-0.10899666225919352,0.2558312752089088,-1.0,-0.6660925760739476,-0.24974653686691317
-1.0,-1.0,-1.0,-0.08831491385270107,1.0,0.4821881845429419,-3.7007792379215463
1.0,0.20843345027679416,0.23436106396033374,1.0,0.06661990956927927,0.204245805720135,-1.9536448789340306
1.0,0.5709885841854878,1.0,1.0,0.04275706989002065,-1.0,2.8122598821172384
-0.32452931321259737,0.18152535815704465,-1.0,-1.0,1.0,-0.5699264997630966,1.2268224223980657
-0.27606364961309227,-0.5183463830981607,-1.0,-1.0,0.20568800445118085,0.8423094035117569,1.7309034925031621
-0.6009669861256427,-0.19122797418650328,0.7862050357747992,0.3673562338377545,1.0,0.8118018392345572,0.1424583704842004
1.0,0.1405156907752383,0.28316432545901904,1.0,-0.9114915781536413,1.0,5.774778096686471
0.6044174950513491,0.05517499430076922,-0.4283018364967131,-0.7240947030903128,-0.14832345681708636,0.18961691445203316,0.05983585577372291
-0.7035147304153089,-0.04473322578455874,-1.0,-0.9824227557885574,-1.0,-1.0,1.2727098448976888
-1.0,-1.0,-0.9791742907736146,0.10999040035288632,-1.0,-0.48727317110211854,-5.729521242520605
1.0,0.31647764708206916,0.35086224903002905,-0.13358953813984464,1.0,-0.9112714328230708,-0.912821189608945
-0.07420860968071347,-0.018485527902615838,-0.4718120904819031,1.0,-0.5091080818744069,-0.394466864147402,-0.03942110753222253
-0.23920250083201733,-1.0,-0.6319672500796829,-1.0,-0.5263794386238023,-1.0,3.8393550859716727
-0.4633167978474819,-1.0,-1.0,-1.0,0.6453317684243354,0.5088908347135858,-4.994031239578137
-0.5858938767025265,-1.0,-0.06264385476284856,-0.23482816262456158,-1.0,-1.0,2.6517609011120444
-0.7462114648808605,-1.0,-0.07934227619915207,-1.0,1.0,1.0,1.320650823722787
0.20603600921187537,1.0,1.0,0.13500048868119308,1.0,1.0,-1.389347838104991
-0.5029492673766254,-1.0,-0.8456730632750513,-1.0,-0.8087976347679425,-0.6584493807246006,2.4413028612734786
-1.0,-1.0,-0.25647326615211696,-1.0,-0.5052958145112537,-0.9996561876061932,4.168519129174813
-1.0,-0.1802007064613066,0.11238123982999682,-0.47918482941320256,1.0,-0.9070113480000173,5.462162277055474
-0.5009615533987212,0.5952675336730179,1.0,0.842694998471873,0.7116988869089943,-1.0,0.014447109448171624
-0.6114643764891639,-1.0,-1.0,1.0,-1.0,-0.7006314155760167,-5.61879561321731
0.4970151196415532,0.1661516386067835,0.6437165257964674,-0.13948045937447492,0.41892960989751016,1.0,0.7749239810170728
-1.0,-1.0,-0.9688003083714719,-0.9944315637593721,0.5108586707580609,-0.059528658885615426,-8.007744355686668
1.0,0.8755069406186258,0.4248828165183185,-0.617801548302687,-0.5523232951691663,1.0,5.507507897589201
1.0,1.0,1.0,0.08820510482338195,-0.04044640782453224,0.8182913812589362,-3.367938847896052
-0.8371651632280275,0.8007343100975043,-1.0,0.2050015989859419,-0.28278815041954897,-0.9669582214993419,6.69236510769889
0.47565714809512094,-0.670298495582851,-0.5868591627032573,0.5242183800806439,1.0,-1.0,-1.2243049577993188
1.0,0.2938826375361501,0.12067694878283691,-0.4153480917917173,-1.0,-1.0,6.841109685945777
-0.4553419013409339,-0.38182299524562735,1.0,-0.4599584834605736,-1.0,-1.0,0.1900748248015935
0.25236016712171666,0.9742399333860148,0.8399878871757843,0.9874615404266579,-0.32385111935562616,0.5823470781934077,-1.9819973526120815
-1.0,-1.0,-1.0,-0.20708225712455564,-0.7886793296200303,-0.3454710787565982,-4.549897040274246
1.0,0.7749802479132533,0.7212509764757675,1.0,0.028405989818333532,1.0,-0.924784618550627
0.03407775427833326,-1.0,-1.0,-0.09450757610368099,-0.616859706772378,-1.0,1.196877252463359
0.33997062451055327,0.9582861716741633,0.872772734760889,1.0,0.02176556306997246,0.5553636208498651,-3.3828836795157997
-1.0,-0.11774181629136171,-0.9813204748968742,-1.0,-0.5990785529497529,-0.2763908160380806,-2.5009713204320185
0.26742392526567027,1.0,0.8854758641224474,-0.11438753722055162,0.5783646299958065,1.0,-1.5384575892328265
-1.0,-1.0,-1.0,-1.0,0.3276299749238133,0.601726382520276,-7.6153265526836975
1.0,0.024207186959495086,1.0,0.5886508747851804,-0.5632312208660262,-0.11304851406320326,2.157824907537699
-0.14619721625507343,-0.3013052995575809,-0.5232582590441177,-1.0,0.3000218975213423,-0.2610734342685549,-0.2959191534487472
-0.6891745383394713,1.0,-1.0,0.9871567073264678,1.0,0.6071698721116121,2.3625775702587775
1.0,-0.8624942745701512,0.8125443202814924,0.427763417400732,-1.0,-0.7326548140496328,10.276137774262715
1.0,0.6652282650855925,0.9340898238905799,0.788511224574154,0.13055542494955577,0.8564170325814175,-3.5189565600017776
-0.7090730832171652,-0.9548059207538682,0.5289577026938128,-0.01887991497831415,1.0,-0.19141020853343838,3.572465617386878
-1.0,0.13294273431958872,-0.4263629966711535,-1.0,1.0,1.0,9.234357125648737
-1.0,-0.6561272855170468,-0.9316238406110336,-0.45742169927194243,-0.4238551150566825,1.0,3.6445047930668855
-0.07379270791962732,-0.1448669791892911,-1.0,0.4001153350329265,0.0523255728298091,-0.1680605085701793,0.0003460509629246711
-1.0,0.2594896015777488,0.39856799617210725,-0.6639206515041929,-1.0,-0.33665307448614645,-2.3276832473548
1.0,0.6418754591375448,1.0,0.782426151067973,0.8967117218499444,0.1129556520755215,-5.119781729203813
-0.12693484347490785,-0.6170396554534513,0.7059321630074241,-0.9363215827479824,-0.19061346275394123,0.890841683119586,-1.19413794836292
-1.0,-1.0,-1.0,-1.0,-0.3408758132890306,-1.0,2.5015660566509776
0.2171570833615677,0.8165031351159097,-0.42465282444753105,-0.13898373944569542,-0.15205150245837162,1.0,5.935685028237964
0.996665622702916,-1.0,1.0,0.2250075105953281,0.5931068634581135,1.0,-3.5322481568470367
0.4686562156316735,-0.7335233671558992,-1.0,-0.7449270848728036,0.43908342316379034,1.0,1.2491297333308748
-0.8301327719938864,-1.0,0.3219950332742827,-0.47507257952298987,-1.0,-0.08647693552367597,0.8874528394643697
0.32341527128134495,-0.5838041948168246,-0.8021143209663252,0.007561176727815519,0.8827314508089824,-0.09699849208526576,-2.199861483178275
-0.07034275239199494,0.9973674923536933,-0.26622300720033065,-0.0063040990444616085,-0.38520860277715513,-1.0,1.5644062718357632
1.0,1.0,1.0,-0.00518808408392335,1.0,1.0,-4.774698696957439
0.3221036596635336,0.7129065887265025,-0.24510226579187455,0.7725746600186028,-0.3175713276289706,0.15693352896425666,1.2804961909022867
0.23927076868697764,-0.5355615726032076,0.39674089472010454,-1.0,-0.6593285687539092,-0.1857242687760895,3.285626303377051
0.10396309980903304,-0.6990695241353488,-0.15401743408620835,-1.0,0.9385175669753291,1.0,1.7011101146848695
-0.34382847767330404,0.07524285564807631,0.09120761556544377,0.15103477609006805,0.012969807593353977,1.0,2.7897469947112037
1.0,1.0,1.0,1.0,-0.16669744256866378,-0.026312890045277842,-0.6071199817296804
1.0,-1.0,0.10036963705887042,0.8557090999039564,-0.16329577855844646,0.7888473879115034,3.4036806473204604
-0.322895623815724,-0.5230849188701744,0.3500759168107246,-1.0,-0.05348410979231777,0.42615064285397747,-1.5437138055698982
-0.9923946874181268,-0.4857773968259942,-1.0,-0.3085324374973972,-0.07828883419883971,1.0,5.697250959729476
0.036648593231305204,0.9531644544047981,-0.3843109206035834,1.0,-0.9861008591650359,1.0,5.425284323570578
-1.0,-1.0,-1.0,-0.9953991168766153,1.0,-0.5858149682070652,-3.4977802742645965
-0.6409696892552257,-1.0,0.2131575373404232,-0.5869674079160354,0.12608452114888874,1.0,-0.22768104648397391
-0.17186354898363077,0.025800697307418408,-0.023835955955674948,0.9511205787108151,-0.15282650794298325,-0.07088025889612298,0.10496967044607834
-0.30141442310798633,-0.35629356477398755,0.905232446265909,0.7345919148510696,0.8358635913389604,-0.6762039232184258,0.9777024273820416
-0.02630881694623244,1.0,0.03544067737759449,0.6155758957720013,0.08418401017609861,-0.35671722375164594,-0.2165747714603864
-1.0,-0.22443231535565733,-1.0,-0.7104388938140089,0.27044045242492115,0.65785586289371,1.0678601486756456
0.13144888660131504,1.0,1.0,1.0,0.14299350232650387,-0.48210037940247996,-3.0959751141568743
-1.0,-1.0,0.03407187517481705,-0.015296487459202035,0.27694304282955184,0.647354581178631,0.30717069975935624
-0.17462831679707636,-1.0,-1.0,-1.0,-0.2258290112224428,-1.0,3.1045501298684908
0.6026805397679987,-0.2711851639109387,-0.4166853799062632,0.14872876595531306,-0.5400126912171357,0.1941815781887708,1.0263895094174271
0.7243201803087473,-0.24744064833587043,-0.3103458555093265,0.22914891593387265,-1.0,0.8768867896168293,5.1104076378424965
-0.49464015795751926,-0.8977772476142083,-0.36361069686893643,-0.0992888874913943,1.0,-0.41245017253336325,0.9306128375813059
-1.0,-1.0,-0.54286267515904,-0.8045479585537904,-0.43987947713930386,1.0,-3.2300065580353987
0.2600136324076464,-0.37240897459273214,1.0,0.19422221475569607,0.9366597979988458,0.6108865221301099,-2.8779487878822465
1.0,1.0,0.42507778104753857,0.41730152881585636,0.10853483740693587,0.3979793987628609,-0.6504463273772491
-1.0,-1.0,-0.5223741596778927,0.15486218160239595,0.6936616099289039,-0.4437487551760635,1.2875559536598429
-0.6574262622710325,-0.4158188167455992,-1.0,-1.0,0.1528545394380294,1.0,4.440997261054551
-0.2918859599217074,-1.0,-1.0,-0.7640262141046348,0.1123718359500061,-0.11489614933081496,-2.767160058467214
-1.0,-1.0,-1.0,0.36878723254343637,-1.0,0.5838588422277434,-4.157277932500866
-0.5939375288281907,0.06950288610582622,-0.6167112010526319,-0.28717617409236595,-0.29337921454372057,-0.7146733898188732,-0.08958317914437569
-0.6952503843159419,-0.787087485011441,-1.0,-0.4445332620531265,-0.44045670992648533,-0.8118530619767144,0.9582850641142945
-0.6694119781174857,-1.0,0.17566361211591153,-0.7829694563276264,0.7308689010277238,0.8601571500586584,0.22062774900757937
1.0,-0.7171186470069545,-0.667408847904275,-0.014563389824523737,0.4061438466623815,-0.5129305268647933,-0.37105362525159497
0.2570854481282956,-0.42495267862929836,0.48203240720911944,0.552641194184429,0.16219885949106105,0.35684871254391504,0.3776370656538034
0.7492112749173963,-0.9479555191469449,-0.3003626197431221,-0.9636647433588483,-0.7578336608425491,-0.7469382409114488,8.27773333403539
1.0,0.3627570786510468,-0.8503844471386875,1.0,0.0739811918862614,-0.6072806763985001,0.4107652585788206
0.6882622496415115,0.6624458559374442,-0.86422891433601,-1.0,0.7644588020964844,1.0,5.185850539908126
0.23629148007936226,-0.9310196281330937,-1.0,-0.021736365428539683,0.9120691051741792,0.18559177348517109,-3.0532930094393027
1.0,0.43633789762366787,0.3688163012746458,0.5694328996061366,-0.8465153432346393,-0.24310995372272312,3.3643356419109516
0.2567176497185219,0.32259533565711523,0.7720754431279219,0.27257098360437104,-0.7781618499137551,-0.9687768724325821,1.4857596940717037
1.0,0.5185919850118226,0.8880522978745155,0.1522680488726582,0.6553028831068293,1.0,-2.579648143196817
-0.8496411388727113,-0.9783324975326513,0.014087952531947057,0.18156692880066416,-0.4457459862956017,-0.025613724375753877,-0.627834702904636
0.10341294536488577,0.9818142774745902,-0.08519458313089534,1.0,-0.5547898966576774,0.04896376436670569,1.3115909013998976
-1.0,1.0,0.4804668176651054,-0.6478284775455095,0.19001565385948105,0.7286083207069709,-0.5846033502914681
-0.4102151995208715,-1.0,-0.5269436738146914,-0.6719869216323787,1.0,0.4860538381089552,-0.9454768445851413
0.42881796206342115,0.6208002355602966,-0.15798777261872288,0.45292572270626263,-0.664025475634471,1.0,4.459918399208434
0.41707115545318013,-0.7004693725526022,-1.0,-0.6229966075277669,0.9432368746801968,-0.0215885052613356,-3.248212727798859
0.3806945740012151,-0.4830055949809377,-0.015341947180902232,0.041785180586286275,-0.27899658456143195,0.6394534577874593,1.9742484002334446
0.025842491448454685,1.0,0.6684076999720864,0.8240887711135125,-1.0,-0.33166231158132664,0.4215690600698654
-0.16185279794177054,0.7989180927935227,0.5759079518580242,-0.5391720777507034,1.0,0.354075103933576,1.3296646709557045
-0.568487434720808,-0.07598041971997094,-0.5384781427069146,-0.40374185421463027,0.01744718184041394,0.19324195365531038,-0.878839216628013
0.6691617310724862,0.06051260909583023,0.25021651802716527,-0.7443005048958149,-0.09266525878993975,0.7176872527686214,1.0412376579726441
0.3537915803362668,1.0,1.0,0.3510557746544708,-0.3769788168612016,-0.3220810723956886,-1.5500209317399034
-0.2106769806602924,-0.9054776606416921,-1.0,-1.0,-1.0,-0.7430024570601371,3.3804816062733596
0.4032589501105499,1.0,-0.6670495689148708,0.7277067720462318,0.45319706638280666,0.38258168395261394,1.245387852569614
1.0,1.0,1.0,0.2578239370706175,-0.8254146397500477,-0.10750764980749672,1.2243408573857844
-1.0,-1.0,-0.8590199579458824,-1.0,0.313622804291,0.8656466985286275,-4.69912721537912
0.3355145267689005,-0.9985287510888274,-1.0,-0.41180064140003814,-0.5450878473732338,-1.0,2.4371129551620494
-0.8458741401137178,-1.0,-0.37574499258774063,0.262205648648825,-0.7569264175091196,-0.8185234630645365,-1.1401087390548663
0.1491728119933058,1.0,-0.19230133537622252,0.966941873736133,0.31422469401252284,0.49737606427309267,0.21114942592775918
0.3432802235670926,0.5908452158774223,-1.0,-1.0,-0.21344754929288257,-0.8190227619263862,-0.8880615862295963
-1.0,-0.21765706741730861,-1.0,-1.0,-0.08795145971571727,-1.0,5.032859158478845
1.0,1.0,1.0,1.0,-1.0,-0.40369184842830685,5.133163691340732
0.09562165976958215,-1.0,-0.5531787433829584,-0.45319792955426175,-1.0,-1.0,4.835846536014056
-1.0,0.04636071170104017,1.0,-0.9379363636916822,-0.1722276268059062,0.8756991525023661,-3.9589847217127874
-1.0,0.24390988450079581,0.4411933677929738,-1.0,-0.27696638920480066,-0.27807207965401415,-0.49360826885080933
1.0,1.0,0.7622628019574159,1.0,-0.6605167847143834,-0.5017486356061144,3.938653794600617
-0.5734779661052434,-0.40631020600754564,-0.6195033946291886,-1.0,1.0,-0.8162660831115018,4.875236258825186
-0.21217567670639048,-0.666280703977207,-1.0,-0.9609959783325281,0.8607874368706327,0.8410194877055808,1.4890187305830724
-0.6231459043478146,-1.0,-0.9355456425828987,-1.0,-0.3671319874840583,-0.18984865824447383,-3.966599271520541
-1.0,-0.9843081003733736,-0.4815671645148967,-1.0,0.38607807275535094,0.21234133924141524,-3.472807332110491
1.0,1.0,1.0,1.0,-0.8920203776944292,-0.56962133435231,6.301653337327501
-1.0,-0.1087944014153912,-1.0,-1.0,1.0,-0.006594616064607428,-0.6651307843677342
0.11676548066232706,1.0,-0.1076134347288571,0.2521071402421249,0.710092981777766,1.0,3.5367659021571844
-1.0,0.16157678023900338,-1.0,0.12473507450788479,-1.0,-0.46973797743157597,-2.70464547142247
-0.21105951196845507,0.3073436367690209,0.8235826538680426,1.0,-0.034310155373481255,1.0,-1.0454299771169264
-0.7067384704673131,0.14186534778762938,-0.006948507609789878,-0.056880746827062956,0.4976117819027648,0.28921970696828736,0.5379662259596004
-1.0,-0.8429554604074063,0.2998825664339031,0.004066909261527529,-0.7446510485511562,-1.0,2.4401931315620438
-0.4675679782422462,0.3518496564714355,-0.32580647395650303,0.029542431629853372,-0.6193305513979146,1.0,2.7740116889038995
0.257407693359603,1.0,-0.4500294090438821,0.16829142178891265,-0.49419966097473833,-0.1701185249809236,1.3552560023981104
0.4928069829026067,0.6580334519462054,-0.7165691843094373,-0.22764372084732964,-0.050040993260154654,-0.5543181365032297,0.1913457390513229
-0.13850027995352712,-1.0,-0.6488629526124849,0.8581668779459883,-0.204694724475869,1.0,3.485084924196974
-1.0,-1.0,-1.0,-1.0,0.2806946847363708,0.0936331661981894,-8.433215961792678
0.8207617841190631,0.847909445297597,-0.2595593101694993,0.8419301226423839,1.0,0.46955649110890474,-1.2162483110629567
0.02931288274056465,1.0,0.8725649972747731,0.27960937689391985,0.13941969904954377,-0.12195344199352183,-1.784447570679204
-0.8042378838076357,-0.5970338395152487,-1.0,1.0,-1.0,0.9972905388322268,3.1237323809178017
0.44744649180599516,0.37145234002971694,1.0,0.8408462112314162,0.38324851377535785,0.0373546086571018,-1.9205502942966026
-1.0,-0.6217139930820517,-1.0,-1.0,-0.7349088175522454,-0.4232252685027027,-1.185225363853273
0.9446544171313729,0.857769383900173,0.1168833122642573,0.054152438313975315,-0.14423812794239832,-1.0,3.9372042371693157
